,Title,Year,Rated,Released,Runtime,Genre,Director,Writer,Actors,Plot,Language,Country,Awards,Poster,Ratings,Metascore,imdbRating,imdbVotes,imdbID,Type,DVD,BoxOffice,Production,Website,Response,OriginTitle,totalSeasons
0,One Eight Seven,1997.0,R,30 Jul 1997,119 min,"Drama, Thriller",Kevin Reynolds,Scott Yagemann,"Samuel L. Jackson, John Heard, Kelly Rowan, Clifton Collins Jr.","15 months after being stabbed 9 times by a student at work as a high school teacher in NYC, Mr. Garfield is working in LA as a substitute teacher come full-time. He refuses to be a victim anymore.","English, Spanish",USA,1 win & 1 nomination.,https://m.media-amazon.com/images/M/MV5BYTc1MTUxNmYtY2I3My00MmNkLWI3NmUtMDc1YWNhMzBiMDQzXkEyXkFqcGdeQXVyNjU0NTI0Nw@@._V1_SX300.jpg,"{'Source': 'Internet Movie Database', 'Value': '6.7/10'}",41.0,6.7,"21,588",tt0118531,movie,05 Jun 2001,N/A,Warner Home Video,N/A,True,One Eight Seven,
1,One Eight Seven,1997.0,R,30 Jul 1997,119 min,"Drama, Thriller",Kevin Reynolds,Scott Yagemann,"Samuel L. Jackson, John Heard, Kelly Rowan, Clifton Collins Jr.","15 months after being stabbed 9 times by a student at work as a high school teacher in NYC, Mr. Garfield is working in LA as a substitute teacher come full-time. He refuses to be a victim anymore.","English, Spanish",USA,1 win & 1 nomination.,https://m.media-amazon.com/images/M/MV5BYTc1MTUxNmYtY2I3My00MmNkLWI3NmUtMDc1YWNhMzBiMDQzXkEyXkFqcGdeQXVyNjU0NTI0Nw@@._V1_SX300.jpg,"{'Source': 'Rotten Tomatoes', 'Value': '30%'}",41.0,6.7,"21,588",tt0118531,movie,05 Jun 2001,N/A,Warner Home Video,N/A,True,One Eight Seven,
2,One Eight Seven,1997.0,R,30 Jul 1997,119 min,"Drama, Thriller",Kevin Reynolds,Scott Yagemann,"Samuel L. Jackson, John Heard, Kelly Rowan, Clifton Collins Jr.","15 months after being stabbed 9 times by a student at work as a high school teacher in NYC, Mr. Garfield is working in LA as a substitute teacher come full-time. He refuses to be a victim anymore.","English, Spanish",USA,1 win & 1 nomination.,https://m.media-amazon.com/images/M/MV5BYTc1MTUxNmYtY2I3My00MmNkLWI3NmUtMDc1YWNhMzBiMDQzXkEyXkFqcGdeQXVyNjU0NTI0Nw@@._V1_SX300.jpg,"{'Source': 'Metacritic', 'Value': '41/100'}",41.0,6.7,"21,588",tt0118531,movie,05 Jun 2001,N/A,Warner Home Video,N/A,True,One Eight Seven,
0,Airplane II: The Sequel,1982.0,PG,10 Dec 1982,85 min,"Comedy, Sci-Fi",Ken Finkleman,Ken Finkleman,"Lloyd Bridges, Raymond Burr, Chuck Connors, Rip Torn",A faulty computer causes a passenger space shuttle to head straight for the Sun. Can Ted Striker save the day and get the shuttle back on track - again?,English,USA,N/A,https://m.media-amazon.com/images/M/MV5BMmVkYjg2MDUtN2ExNi00N2QzLTliOWYtMjAzYWNlYjQ1MWZjXkEyXkFqcGdeQXVyMTQxNzMzNDI@._V1_SX300.jpg,"{'Source': 'Internet Movie Database', 'Value': '6.2/10'}",48.0,6.2,"47,577",tt0083530,movie,24 Oct 2000,N/A,Paramount Home Video,N/A,True,Airplane II: The Sequel,
1,Airplane II: The Sequel,1982.0,PG,10 Dec 1982,85 min,"Comedy, Sci-Fi",Ken Finkleman,Ken Finkleman,"Lloyd Bridges, Raymond Burr, Chuck Connors, Rip Torn",A faulty computer causes a passenger space shuttle to head straight for the Sun. Can Ted Striker save the day and get the shuttle back on track - again?,English,USA,N/A,https://m.media-amazon.com/images/M/MV5BMmVkYjg2MDUtN2ExNi00N2QzLTliOWYtMjAzYWNlYjQ1MWZjXkEyXkFqcGdeQXVyMTQxNzMzNDI@._V1_SX300.jpg,"{'Source': 'Rotten Tomatoes', 'Value': '42%'}",48.0,6.2,"47,577",tt0083530,movie,24 Oct 2000,N/A,Paramount Home Video,N/A,True,Airplane II: The Sequel,
2,Airplane II: The Sequel,1982.0,PG,10 Dec 1982,85 min,"Comedy, Sci-Fi",Ken Finkleman,Ken Finkleman,"Lloyd Bridges, Raymond Burr, Chuck Connors, Rip Torn",A faulty computer causes a passenger space shuttle to head straight for the Sun. Can Ted Striker save the day and get the shuttle back on track - again?,English,USA,N/A,https://m.media-amazon.com/images/M/MV5BMmVkYjg2MDUtN2ExNi00N2QzLTliOWYtMjAzYWNlYjQ1MWZjXkEyXkFqcGdeQXVyMTQxNzMzNDI@._V1_SX300.jpg,"{'Source': 'Metacritic', 'Value': '48/100'}",48.0,6.2,"47,577",tt0083530,movie,24 Oct 2000,N/A,Paramount Home Video,N/A,True,Airplane II: The Sequel,
0,Bones,2005–2017,TV-14,13 Sep 2005,40 min,"Comedy, Crime, Drama, Mystery, Romance",N/A,Hart Hanson,"Emily Deschanel, David Boreanaz, Michaela Conlin, T.J. Thyne","Forensic anthropologist Dr. Temperance ""Bones"" Brennan and cocky F.B.I. Special Agent Seeley Booth build a team to investigate murders. Quite often, there isn't more to examine than rotten flesh or mere bones.","English, Spanish",USA,Nominated for 2 Primetime Emmys. Another 8 wins & 40 nominations.,https://m.media-amazon.com/images/M/MV5BMjA3ODMxMzM5NF5BMl5BanBnXkFtZTgwMDM1NjU0OTE@._V1_SX300.jpg,"{'Source': 'Internet Movie Database', 'Value': '7.8/10'}",N/A,7.8,"134,811",tt0460627,series,,,,,True,Bones,12.0
0,The Boondock Saints II: All Saints Day,2009,R,11 Dec 2009,118 min,"Action, Crime, Thriller",Troy Duffy,"Troy Duffy (screenplay), Troy Duffy (story), Taylor Duffy (story)","Sean Patrick Flanery, Norman Reedus, Billy Connolly, Clifton Collins Jr.","The MacManus brothers are living a quiet life in Ireland with their father, but when they learn that their beloved priest has been killed by mob forces, they go back to Boston to bring justice to those responsible and avenge the priest.","English, Italian, Spanish",USA,N/A,https://m.media-amazon.com/images/M/MV5BMTY4MDMxNzM2M15BMl5BanBnXkFtZTcwNjk5MzU5Mg@@._V1_SX300.jpg,"{'Source': 'Internet Movie Database', 'Value': '6.3/10'}",24,6.3,"60,569",tt1300851,movie,09 Mar 2010,"$10,150,172",Apparition,N/A,True,Boondock Saints ii: All Saints Day,
1,The Boondock Saints II: All Saints Day,2009,R,11 Dec 2009,118 min,"Action, Crime, Thriller",Troy Duffy,"Troy Duffy (screenplay), Troy Duffy (story), Taylor Duffy (story)","Sean Patrick Flanery, Norman Reedus, Billy Connolly, Clifton Collins Jr.","The MacManus brothers are living a quiet life in Ireland with their father, but when they learn that their beloved priest has been killed by mob forces, they go back to Boston to bring justice to those responsible and avenge the priest.","English, Italian, Spanish",USA,N/A,https://m.media-amazon.com/images/M/MV5BMTY4MDMxNzM2M15BMl5BanBnXkFtZTcwNjk5MzU5Mg@@._V1_SX300.jpg,"{'Source': 'Rotten Tomatoes', 'Value': '23%'}",24,6.3,"60,569",tt1300851,movie,09 Mar 2010,"$10,150,172",Apparition,N/A,True,Boondock Saints ii: All Saints Day,
2,The Boondock Saints II: All Saints Day,2009,R,11 Dec 2009,118 min,"Action, Crime, Thriller",Troy Duffy,"Troy Duffy (screenplay), Troy Duffy (story), Taylor Duffy (story)","Sean Patrick Flanery, Norman Reedus, Billy Connolly, Clifton Collins Jr.","The MacManus brothers are living a quiet life in Ireland with their father, but when they learn that their beloved priest has been killed by mob forces, they go back to Boston to bring justice to those responsible and avenge the priest.","English, Italian, Spanish",USA,N/A,https://m.media-amazon.com/images/M/MV5BMTY4MDMxNzM2M15BMl5BanBnXkFtZTcwNjk5MzU5Mg@@._V1_SX300.jpg,"{'Source': 'Metacritic', 'Value': '24/100'}",24,6.3,"60,569",tt1300851,movie,09 Mar 2010,"$10,150,172",Apparition,N/A,True,Boondock Saints ii: All Saints Day,
0,Buffy the Vampire Slayer,1997–2003,TV-14,10 Mar 1997,44 min,"Action, Drama, Fantasy, Romance",N/A,Joss Whedon,"Sarah Michelle Gellar, Nicholas Brendon, Alyson Hannigan, Anthony Head","A young woman, destined to slay vampires, demons and other infernal creatures, deals with her life fighting evil, with the help of her friends.",English,USA,Nominated for 1 Golden Globe. Another 52 wins & 129 nominations.,https://m.media-amazon.com/images/M/MV5BY2MwOGIyZGYtNzgxZC00N2Q5LTllYjItM2U4MTkwMDBjYzUyXkEyXkFqcGdeQXVyNzA5NjUyNjM@._V1_SX300.jpg,"{'Source': 'Internet Movie Database', 'Value': '8.2/10'}",N/A,8.2,"124,446",tt0118276,series,,,,,True,Buffy the Vampire Slayer,7.0
0,Complete Guide to Guys,2005,PG-13,30 May 2006,83 min,Comedy,Jeff Arch,"Jeff Arch (screenplay), Dave Barry (book)","Mark Wells, Drew Seeley, Dave Barry, Megan West",Pulitzer Prize-winning columnist Dave Barry's novel attempts to follow the stereotypes of male behavoir from the stone ages to modern times.,English,USA,N/A,https://m.media-amazon.com/images/M/MV5BMTMyODY1NDgyOF5BMl5BanBnXkFtZTcwMzUxOTcyMQ@@._V1_SX300.jpg,"{'Source': 'Internet Movie Database', 'Value': '4.4/10'}",N/A,4.4,383,tt0407680,movie,30 May 2006,N/A,Monarch Home Video,N/A,True,Complete Guide to Guys,
0,Evil Dead II,1987,R,13 Mar 1987,84 min,"Comedy, Horror",Sam Raimi,"Sam Raimi, Scott Spiegel","Bruce Campbell, Sarah Berry, Dan Hicks, Kassie Wesley DePaiva",The lone survivor of an onslaught of flesh-possessing spirits holes up in a cabin with a group of strangers while the demons continue their attack.,"English, Latin",USA,5 nominations.,https://m.media-amazon.com/images/M/MV5BMWY3ODZlOGMtNzJmOS00ZTNjLWI3ZWEtZTJhZTk5NDZjYWRjXkEyXkFqcGdeQXVyNjU0OTQ0OTY@._V1_SX300.jpg,"{'Source': 'Internet Movie Database', 'Value': '7.8/10'}",69,7.8,"143,733",tt0092991,movie,04 Aug 1998,N/A,Rosebud Communications Releasing,N/A,True,Evil Dead II,
1,Evil Dead II,1987,R,13 Mar 1987,84 min,"Comedy, Horror",Sam Raimi,"Sam Raimi, Scott Spiegel","Bruce Campbell, Sarah Berry, Dan Hicks, Kassie Wesley DePaiva",The lone survivor of an onslaught of flesh-possessing spirits holes up in a cabin with a group of strangers while the demons continue their attack.,"English, Latin",USA,5 nominations.,https://m.media-amazon.com/images/M/MV5BMWY3ODZlOGMtNzJmOS00ZTNjLWI3ZWEtZTJhZTk5NDZjYWRjXkEyXkFqcGdeQXVyNjU0OTQ0OTY@._V1_SX300.jpg,"{'Source': 'Rotten Tomatoes', 'Value': '97%'}",69,7.8,"143,733",tt0092991,movie,04 Aug 1998,N/A,Rosebud Communications Releasing,N/A,True,Evil Dead II,
2,Evil Dead II,1987,R,13 Mar 1987,84 min,"Comedy, Horror",Sam Raimi,"Sam Raimi, Scott Spiegel","Bruce Campbell, Sarah Berry, Dan Hicks, Kassie Wesley DePaiva",The lone survivor of an onslaught of flesh-possessing spirits holes up in a cabin with a group of strangers while the demons continue their attack.,"English, Latin",USA,5 nominations.,https://m.media-amazon.com/images/M/MV5BMWY3ODZlOGMtNzJmOS00ZTNjLWI3ZWEtZTJhZTk5NDZjYWRjXkEyXkFqcGdeQXVyNjU0OTQ0OTY@._V1_SX300.jpg,"{'Source': 'Metacritic', 'Value': '69/100'}",69,7.8,"143,733",tt0092991,movie,04 Aug 1998,N/A,Rosebud Communications Releasing,N/A,True,Evil Dead II,
0,Fright Night,2011,R,19 Aug 2011,106 min,"Comedy, Horror",Craig Gillespie,"Marti Noxon (screenplay), Tom Holland (story), Tom Holland (film ""Fright Night"")","Anton Yelchin, Colin Farrell, Toni Collette, David Tennant","When a nice new neighbor moves in next door, Charley discovers that he is an ancient vampire who preys on the community. Can he save his neighborhood from the creature with the help of the famous ""vampire killer"", Peter Vincent?",English,USA,2 wins & 8 nominations.,https://m.media-amazon.com/images/M/MV5BMTU2MDc0NDY0M15BMl5BanBnXkFtZTcwOTgzMTYyNQ@@._V1_SX300.jpg,"{'Source': 'Internet Movie Database', 'Value': '6.3/10'}",64,6.3,"97,730",tt1438176,movie,13 Dec 2011,"$18,298,649",Walt Disney Pictures,N/A,True,Fright Night,
1,Fright Night,2011,R,19 Aug 2011,106 min,"Comedy, Horror",Craig Gillespie,"Marti Noxon (screenplay), Tom Holland (story), Tom Holland (film ""Fright Night"")","Anton Yelchin, Colin Farrell, Toni Collette, David Tennant","When a nice new neighbor moves in next door, Charley discovers that he is an ancient vampire who preys on the community. Can he save his neighborhood from the creature with the help of the famous ""vampire killer"", Peter Vincent?",English,USA,2 wins & 8 nominations.,https://m.media-amazon.com/images/M/MV5BMTU2MDc0NDY0M15BMl5BanBnXkFtZTcwOTgzMTYyNQ@@._V1_SX300.jpg,"{'Source': 'Rotten Tomatoes', 'Value': '72%'}",64,6.3,"97,730",tt1438176,movie,13 Dec 2011,"$18,298,649",Walt Disney Pictures,N/A,True,Fright Night,
2,Fright Night,2011,R,19 Aug 2011,106 min,"Comedy, Horror",Craig Gillespie,"Marti Noxon (screenplay), Tom Holland (story), Tom Holland (film ""Fright Night"")","Anton Yelchin, Colin Farrell, Toni Collette, David Tennant","When a nice new neighbor moves in next door, Charley discovers that he is an ancient vampire who preys on the community. Can he save his neighborhood from the creature with the help of the famous ""vampire killer"", Peter Vincent?",English,USA,2 wins & 8 nominations.,https://m.media-amazon.com/images/M/MV5BMTU2MDc0NDY0M15BMl5BanBnXkFtZTcwOTgzMTYyNQ@@._V1_SX300.jpg,"{'Source': 'Metacritic', 'Value': '64/100'}",64,6.3,"97,730",tt1438176,movie,13 Dec 2011,"$18,298,649",Walt Disney Pictures,N/A,True,Fright Night,
0,Frozen,2013,PG,27 Nov 2013,102 min,"Animation, Adventure, Comedy, Family, Fantasy, Musical","Chris Buck, Jennifer Lee","Jennifer Lee (screenplay by), Hans Christian Andersen (story inspired by: ""The Snow Queen"" by), Chris Buck (story by), Jennifer Lee (story by), Shane Morris (story by)","Kristen Bell, Idina Menzel, Jonathan Groff, Josh Gad","When the newly crowned Queen Elsa accidentally uses her power to turn things into ice to curse her home in infinite winter, her sister Anna teams up with a mountain man, his playful reindeer, and a snowman to change the weather condition.","English, Norwegian",USA,Won 2 Oscars. Another 79 wins & 59 nominations.,https://m.media-amazon.com/images/M/MV5BMTQ1MjQwMTE5OF5BMl5BanBnXkFtZTgwNjk3MTcyMDE@._V1_SX300.jpg,"{'Source': 'Internet Movie Database', 'Value': '7.4/10'}",75,7.4,"556,379",tt2294629,movie,18 Mar 2014,"$400,736,600",Walt Disney Pictures,N/A,True,Frozen,
1,Frozen,2013,PG,27 Nov 2013,102 min,"Animation, Adventure, Comedy, Family, Fantasy, Musical","Chris Buck, Jennifer Lee","Jennifer Lee (screenplay by), Hans Christian Andersen (story inspired by: ""The Snow Queen"" by), Chris Buck (story by), Jennifer Lee (story by), Shane Morris (story by)","Kristen Bell, Idina Menzel, Jonathan Groff, Josh Gad","When the newly crowned Queen Elsa accidentally uses her power to turn things into ice to curse her home in infinite winter, her sister Anna teams up with a mountain man, his playful reindeer, and a snowman to change the weather condition.","English, Norwegian",USA,Won 2 Oscars. Another 79 wins & 59 nominations.,https://m.media-amazon.com/images/M/MV5BMTQ1MjQwMTE5OF5BMl5BanBnXkFtZTgwNjk3MTcyMDE@._V1_SX300.jpg,"{'Source': 'Rotten Tomatoes', 'Value': '90%'}",75,7.4,"556,379",tt2294629,movie,18 Mar 2014,"$400,736,600",Walt Disney Pictures,N/A,True,Frozen,
2,Frozen,2013,PG,27 Nov 2013,102 min,"Animation, Adventure, Comedy, Family, Fantasy, Musical","Chris Buck, Jennifer Lee","Jennifer Lee (screenplay by), Hans Christian Andersen (story inspired by: ""The Snow Queen"" by), Chris Buck (story by), Jennifer Lee (story by), Shane Morris (story by)","Kristen Bell, Idina Menzel, Jonathan Groff, Josh Gad","When the newly crowned Queen Elsa accidentally uses her power to turn things into ice to curse her home in infinite winter, her sister Anna teams up with a mountain man, his playful reindeer, and a snowman to change the weather condition.","English, Norwegian",USA,Won 2 Oscars. Another 79 wins & 59 nominations.,https://m.media-amazon.com/images/M/MV5BMTQ1MjQwMTE5OF5BMl5BanBnXkFtZTgwNjk3MTcyMDE@._V1_SX300.jpg,"{'Source': 'Metacritic', 'Value': '75/100'}",75,7.4,"556,379",tt2294629,movie,18 Mar 2014,"$400,736,600",Walt Disney Pictures,N/A,True,Frozen,
0,Glengarry Glen Ross,1992,R,02 Oct 1992,100 min,"Crime, Drama, Mystery",James Foley,"David Mamet (based on the play by), David Mamet (screenplay by)","Al Pacino, Jack Lemmon, Alec Baldwin, Alan Arkin",An examination of the machinations behind the scenes at a real estate office.,English,USA,Nominated for 1 Oscar. Another 8 wins & 12 nominations.,https://m.media-amazon.com/images/M/MV5BNTYzN2MxODMtMDBhOC00Y2M0LTgzMTItMzQ4NDIyYWIwMDEzL2ltYWdlL2ltYWdlXkEyXkFqcGdeQXVyNTc1NTQxODI@._V1_SX300.jpg,"{'Source': 'Internet Movie Database', 'Value': '7.7/10'}",82,7.7,"92,863",tt0104348,movie,20 Feb 2007,N/A,Artisan Home Entertainment,N/A,True,Glengarry Glen Ross,
1,Glengarry Glen Ross,1992,R,02 Oct 1992,100 min,"Crime, Drama, Mystery",James Foley,"David Mamet (based on the play by), David Mamet (screenplay by)","Al Pacino, Jack Lemmon, Alec Baldwin, Alan Arkin",An examination of the machinations behind the scenes at a real estate office.,English,USA,Nominated for 1 Oscar. Another 8 wins & 12 nominations.,https://m.media-amazon.com/images/M/MV5BNTYzN2MxODMtMDBhOC00Y2M0LTgzMTItMzQ4NDIyYWIwMDEzL2ltYWdlL2ltYWdlXkEyXkFqcGdeQXVyNTc1NTQxODI@._V1_SX300.jpg,"{'Source': 'Rotten Tomatoes', 'Value': '95%'}",82,7.7,"92,863",tt0104348,movie,20 Feb 2007,N/A,Artisan Home Entertainment,N/A,True,Glengarry Glen Ross,
2,Glengarry Glen Ross,1992,R,02 Oct 1992,100 min,"Crime, Drama, Mystery",James Foley,"David Mamet (based on the play by), David Mamet (screenplay by)","Al Pacino, Jack Lemmon, Alec Baldwin, Alan Arkin",An examination of the machinations behind the scenes at a real estate office.,English,USA,Nominated for 1 Oscar. Another 8 wins & 12 nominations.,https://m.media-amazon.com/images/M/MV5BNTYzN2MxODMtMDBhOC00Y2M0LTgzMTItMzQ4NDIyYWIwMDEzL2ltYWdlL2ltYWdlXkEyXkFqcGdeQXVyNTc1NTQxODI@._V1_SX300.jpg,"{'Source': 'Metacritic', 'Value': '82/100'}",82,7.7,"92,863",tt0104348,movie,20 Feb 2007,N/A,Artisan Home Entertainment,N/A,True,Glengarry Glen Ross,
0,Harold & Kumar Go to White Castle,2004,R,30 Jul 2004,88 min,"Adventure, Comedy",Danny Leiner,"Jon Hurwitz, Hayden Schlossberg","John Cho, Ethan Embry, Rob Tinkler, Fred Willard",A Korean-American office worker and his Indian-American stoner friend embark on a quest to satisfy their desire for White Castle burgers.,"English, Hindi","USA, Canada, Germany",3 nominations.,https://m.media-amazon.com/images/M/MV5BMDc2M2I5MDQtNzliMS00ZmFjLWJmNzEtMTQwYTkxOWI4YzJlXkEyXkFqcGdeQXVyNTAyODkwOQ@@._V1_SX300.jpg,"{'Source': 'Internet Movie Database', 'Value': '7.1/10'}",64,7.1,"178,726",tt0366551,movie,04 Jan 2005,"$18,225,165",New Line Cinema,N/A,True,Harold & Kumar Go to White Castle,
1,Harold & Kumar Go to White Castle,2004,R,30 Jul 2004,88 min,"Adventure, Comedy",Danny Leiner,"Jon Hurwitz, Hayden Schlossberg","John Cho, Ethan Embry, Rob Tinkler, Fred Willard",A Korean-American office worker and his Indian-American stoner friend embark on a quest to satisfy their desire for White Castle burgers.,"English, Hindi","USA, Canada, Germany",3 nominations.,https://m.media-amazon.com/images/M/MV5BMDc2M2I5MDQtNzliMS00ZmFjLWJmNzEtMTQwYTkxOWI4YzJlXkEyXkFqcGdeQXVyNTAyODkwOQ@@._V1_SX300.jpg,"{'Source': 'Rotten Tomatoes', 'Value': '74%'}",64,7.1,"178,726",tt0366551,movie,04 Jan 2005,"$18,225,165",New Line Cinema,N/A,True,Harold & Kumar Go to White Castle,
2,Harold & Kumar Go to White Castle,2004,R,30 Jul 2004,88 min,"Adventure, Comedy",Danny Leiner,"Jon Hurwitz, Hayden Schlossberg","John Cho, Ethan Embry, Rob Tinkler, Fred Willard",A Korean-American office worker and his Indian-American stoner friend embark on a quest to satisfy their desire for White Castle burgers.,"English, Hindi","USA, Canada, Germany",3 nominations.,https://m.media-amazon.com/images/M/MV5BMDc2M2I5MDQtNzliMS00ZmFjLWJmNzEtMTQwYTkxOWI4YzJlXkEyXkFqcGdeQXVyNTAyODkwOQ@@._V1_SX300.jpg,"{'Source': 'Metacritic', 'Value': '64/100'}",64,7.1,"178,726",tt0366551,movie,04 Jan 2005,"$18,225,165",New Line Cinema,N/A,True,Harold & Kumar Go to White Castle,
0,Hellboy II: The Golden Army,2008,PG-13,11 Jul 2008,120 min,"Action, Adventure, Fantasy, Horror, Sci-Fi",Guillermo del Toro,"Guillermo del Toro (screenplay), Guillermo del Toro (story), Mike Mignola (story), Mike Mignola (comic book)","Ron Perlman, Selma Blair, Doug Jones, John Alexander","The mythical world starts a rebellion against humanity in order to rule the Earth, so Hellboy and his team must save the world from the rebellious creatures.","English, Scottish Gaelic","USA, Germany, Hungary",Nominated for 1 Oscar. Another 5 wins & 29 nominations.,https://m.media-amazon.com/images/M/MV5BMjA5NzgyMjc2Nl5BMl5BanBnXkFtZTcwOTU3MDI3MQ@@._V1_SX300.jpg,"{'Source': 'Internet Movie Database', 'Value': '7.0/10'}",78,7.0,"251,221",tt0411477,movie,11 Nov 2008,"$75,754,670",Universal Pictures,N/A,True,Hellboy II: The Golden Army,
1,Hellboy II: The Golden Army,2008,PG-13,11 Jul 2008,120 min,"Action, Adventure, Fantasy, Horror, Sci-Fi",Guillermo del Toro,"Guillermo del Toro (screenplay), Guillermo del Toro (story), Mike Mignola (story), Mike Mignola (comic book)","Ron Perlman, Selma Blair, Doug Jones, John Alexander","The mythical world starts a rebellion against humanity in order to rule the Earth, so Hellboy and his team must save the world from the rebellious creatures.","English, Scottish Gaelic","USA, Germany, Hungary",Nominated for 1 Oscar. Another 5 wins & 29 nominations.,https://m.media-amazon.com/images/M/MV5BMjA5NzgyMjc2Nl5BMl5BanBnXkFtZTcwOTU3MDI3MQ@@._V1_SX300.jpg,"{'Source': 'Rotten Tomatoes', 'Value': '86%'}",78,7.0,"251,221",tt0411477,movie,11 Nov 2008,"$75,754,670",Universal Pictures,N/A,True,Hellboy II: The Golden Army,
2,Hellboy II: The Golden Army,2008,PG-13,11 Jul 2008,120 min,"Action, Adventure, Fantasy, Horror, Sci-Fi",Guillermo del Toro,"Guillermo del Toro (screenplay), Guillermo del Toro (story), Mike Mignola (story), Mike Mignola (comic book)","Ron Perlman, Selma Blair, Doug Jones, John Alexander","The mythical world starts a rebellion against humanity in order to rule the Earth, so Hellboy and his team must save the world from the rebellious creatures.","English, Scottish Gaelic","USA, Germany, Hungary",Nominated for 1 Oscar. Another 5 wins & 29 nominations.,https://m.media-amazon.com/images/M/MV5BMjA5NzgyMjc2Nl5BMl5BanBnXkFtZTcwOTU3MDI3MQ@@._V1_SX300.jpg,"{'Source': 'Metacritic', 'Value': '78/100'}",78,7.0,"251,221",tt0411477,movie,11 Nov 2008,"$75,754,670",Universal Pictures,N/A,True,Hellboy II: The Golden Army,
0,Hellraiser III: Hell on Earth,1992,R,11 Sep 1992,97 min,Horror,Anthony Hickox,"Clive Barker (characters), Peter Atkins (story), Tony Randel (story), Peter Atkins (screenplay)","Kevin Bernhardt, Lawrence Mortorff, Terry Farrell, Ken Carpenter",An investigative reporter must send the newly unbound Pinhead and his legions back to Hell.,English,"USA, UK",1 win & 10 nominations.,https://m.media-amazon.com/images/M/MV5BMTRiMGFjMmMtYTUzOS00N2U4LWJjZDQtNjFjNjg4MTg4YTU0XkEyXkFqcGdeQXVyMTQxNzMzNDI@._V1_SX300.jpg,"{'Source': 'Internet Movie Database', 'Value': '5.5/10'}",50,5.5,"26,508",tt0104409,movie,25 Jun 2001,N/A,Paramount Home Video,N/A,True,Hellraiser iii: Hell on Earth,
1,Hellraiser III: Hell on Earth,1992,R,11 Sep 1992,97 min,Horror,Anthony Hickox,"Clive Barker (characters), Peter Atkins (story), Tony Randel (story), Peter Atkins (screenplay)","Kevin Bernhardt, Lawrence Mortorff, Terry Farrell, Ken Carpenter",An investigative reporter must send the newly unbound Pinhead and his legions back to Hell.,English,"USA, UK",1 win & 10 nominations.,https://m.media-amazon.com/images/M/MV5BMTRiMGFjMmMtYTUzOS00N2U4LWJjZDQtNjFjNjg4MTg4YTU0XkEyXkFqcGdeQXVyMTQxNzMzNDI@._V1_SX300.jpg,"{'Source': 'Rotten Tomatoes', 'Value': '41%'}",50,5.5,"26,508",tt0104409,movie,25 Jun 2001,N/A,Paramount Home Video,N/A,True,Hellraiser iii: Hell on Earth,
2,Hellraiser III: Hell on Earth,1992,R,11 Sep 1992,97 min,Horror,Anthony Hickox,"Clive Barker (characters), Peter Atkins (story), Tony Randel (story), Peter Atkins (screenplay)","Kevin Bernhardt, Lawrence Mortorff, Terry Farrell, Ken Carpenter",An investigative reporter must send the newly unbound Pinhead and his legions back to Hell.,English,"USA, UK",1 win & 10 nominations.,https://m.media-amazon.com/images/M/MV5BMTRiMGFjMmMtYTUzOS00N2U4LWJjZDQtNjFjNjg4MTg4YTU0XkEyXkFqcGdeQXVyMTQxNzMzNDI@._V1_SX300.jpg,"{'Source': 'Metacritic', 'Value': '50/100'}",50,5.5,"26,508",tt0104409,movie,25 Jun 2001,N/A,Paramount Home Video,N/A,True,Hellraiser iii: Hell on Earth,
0,"Crouching Tiger, Hidden Dragon",2000,PG-13,12 Jan 2001,120 min,"Action, Adventure, Fantasy, Romance",Ang Lee,"Du Lu Wang (book), Hui-Ling Wang (screenplay), James Schamus (screenplay), Kuo Jung Tsai (screenplay)","Yun-Fat Chow, Michelle Yeoh, Ziyi Zhang, Chen Chang",A young Chinese warrior steals a sword from a famed swordsman and then escapes into a world of romantic adventure with a mysterious man in the frontier of the nation.,Mandarin,"Taiwan, Hong Kong, USA, China",Won 4 Oscars. Another 97 wins & 133 nominations.,https://m.media-amazon.com/images/M/MV5BNDdhMzMxOTctNDMyNS00NTZmLTljNWEtNTc4MDBmZTYxY2NmXkEyXkFqcGdeQXVyNjU0OTQ0OTY@._V1_SX300.jpg,"{'Source': 'Internet Movie Database', 'Value': '7.8/10'}",94,7.8,"248,295",tt0190332,movie,05 Jun 2001,N/A,Sony Pictures Classics,N/A,True,"Crouching Tiger, Hidden Dragon",
1,"Crouching Tiger, Hidden Dragon",2000,PG-13,12 Jan 2001,120 min,"Action, Adventure, Fantasy, Romance",Ang Lee,"Du Lu Wang (book), Hui-Ling Wang (screenplay), James Schamus (screenplay), Kuo Jung Tsai (screenplay)","Yun-Fat Chow, Michelle Yeoh, Ziyi Zhang, Chen Chang",A young Chinese warrior steals a sword from a famed swordsman and then escapes into a world of romantic adventure with a mysterious man in the frontier of the nation.,Mandarin,"Taiwan, Hong Kong, USA, China",Won 4 Oscars. Another 97 wins & 133 nominations.,https://m.media-amazon.com/images/M/MV5BNDdhMzMxOTctNDMyNS00NTZmLTljNWEtNTc4MDBmZTYxY2NmXkEyXkFqcGdeQXVyNjU0OTQ0OTY@._V1_SX300.jpg,"{'Source': 'Rotten Tomatoes', 'Value': '97%'}",94,7.8,"248,295",tt0190332,movie,05 Jun 2001,N/A,Sony Pictures Classics,N/A,True,"Crouching Tiger, Hidden Dragon",
2,"Crouching Tiger, Hidden Dragon",2000,PG-13,12 Jan 2001,120 min,"Action, Adventure, Fantasy, Romance",Ang Lee,"Du Lu Wang (book), Hui-Ling Wang (screenplay), James Schamus (screenplay), Kuo Jung Tsai (screenplay)","Yun-Fat Chow, Michelle Yeoh, Ziyi Zhang, Chen Chang",A young Chinese warrior steals a sword from a famed swordsman and then escapes into a world of romantic adventure with a mysterious man in the frontier of the nation.,Mandarin,"Taiwan, Hong Kong, USA, China",Won 4 Oscars. Another 97 wins & 133 nominations.,https://m.media-amazon.com/images/M/MV5BNDdhMzMxOTctNDMyNS00NTZmLTljNWEtNTc4MDBmZTYxY2NmXkEyXkFqcGdeQXVyNjU0OTQ0OTY@._V1_SX300.jpg,"{'Source': 'Metacritic', 'Value': '94/100'}",94,7.8,"248,295",tt0190332,movie,05 Jun 2001,N/A,Sony Pictures Classics,N/A,True,"Crouching Tiger, Hidden Dragon",
0,Raiders of the Lost Ark,1981,PG,12 Jun 1981,115 min,"Action, Adventure",Steven Spielberg,"Lawrence Kasdan (screenplay by), George Lucas (story by), Philip Kaufman (story by)","Harrison Ford, Karen Allen, Paul Freeman, Ronald Lacey","In 1936, archaeologist and adventurer Indiana Jones is hired by the U.S. government to find the Ark of the Covenant before Adolf Hitler's Nazis can obtain its awesome powers.","English, German, Hebrew, Spanish, Arabic, Nepali",USA,Won 4 Oscars. Another 31 wins & 24 nominations.,https://m.media-amazon.com/images/M/MV5BMjA0ODEzMTc1Nl5BMl5BanBnXkFtZTcwODM2MjAxNA@@._V1_SX300.jpg,"{'Source': 'Internet Movie Database', 'Value': '8.4/10'}",85,8.4,"859,523",tt0082971,movie,21 Oct 2003,N/A,Paramount Pictures,N/A,True,Raiders of the Lost Ark,
1,Raiders of the Lost Ark,1981,PG,12 Jun 1981,115 min,"Action, Adventure",Steven Spielberg,"Lawrence Kasdan (screenplay by), George Lucas (story by), Philip Kaufman (story by)","Harrison Ford, Karen Allen, Paul Freeman, Ronald Lacey","In 1936, archaeologist and adventurer Indiana Jones is hired by the U.S. government to find the Ark of the Covenant before Adolf Hitler's Nazis can obtain its awesome powers.","English, German, Hebrew, Spanish, Arabic, Nepali",USA,Won 4 Oscars. Another 31 wins & 24 nominations.,https://m.media-amazon.com/images/M/MV5BMjA0ODEzMTc1Nl5BMl5BanBnXkFtZTcwODM2MjAxNA@@._V1_SX300.jpg,"{'Source': 'Rotten Tomatoes', 'Value': '95%'}",85,8.4,"859,523",tt0082971,movie,21 Oct 2003,N/A,Paramount Pictures,N/A,True,Raiders of the Lost Ark,
2,Raiders of the Lost Ark,1981,PG,12 Jun 1981,115 min,"Action, Adventure",Steven Spielberg,"Lawrence Kasdan (screenplay by), George Lucas (story by), Philip Kaufman (story by)","Harrison Ford, Karen Allen, Paul Freeman, Ronald Lacey","In 1936, archaeologist and adventurer Indiana Jones is hired by the U.S. government to find the Ark of the Covenant before Adolf Hitler's Nazis can obtain its awesome powers.","English, German, Hebrew, Spanish, Arabic, Nepali",USA,Won 4 Oscars. Another 31 wins & 24 nominations.,https://m.media-amazon.com/images/M/MV5BMjA0ODEzMTc1Nl5BMl5BanBnXkFtZTcwODM2MjAxNA@@._V1_SX300.jpg,"{'Source': 'Metacritic', 'Value': '85/100'}",85,8.4,"859,523",tt0082971,movie,21 Oct 2003,N/A,Paramount Pictures,N/A,True,Raiders of the Lost Ark,
0,Indiana Jones and the Kingdom of the Crystal Skull,2008,PG-13,22 May 2008,122 min,"Action, Adventure",Steven Spielberg,"David Koepp (screenplay), George Lucas (story), Jeff Nathanson (story), George Lucas (characters), Philip Kaufman (characters)","Harrison Ford, Cate Blanchett, Karen Allen, Shia LaBeouf","In 1957, archaeologist and adventurer Dr. Henry ""Indiana"" Jones, Jr. is called back into action and becomes entangled in a Soviet plot to uncover the secret behind mysterious artifacts known as the Crystal Skulls.","English, German, Russian",USA,Nominated for 1 BAFTA Film Award. Another 10 wins & 41 nominations.,https://m.media-amazon.com/images/M/MV5BMTIxNDUxNzcyMl5BMl5BanBnXkFtZTcwNTgwOTI3MQ@@._V1_SX300.jpg,"{'Source': 'Internet Movie Database', 'Value': '6.1/10'}",65,6.1,"414,473",tt0367882,movie,14 Oct 2008,"$316,957,122",Paramount Pictures,N/A,True,Kingdom of the Crystal Skull,
1,Indiana Jones and the Kingdom of the Crystal Skull,2008,PG-13,22 May 2008,122 min,"Action, Adventure",Steven Spielberg,"David Koepp (screenplay), George Lucas (story), Jeff Nathanson (story), George Lucas (characters), Philip Kaufman (characters)","Harrison Ford, Cate Blanchett, Karen Allen, Shia LaBeouf","In 1957, archaeologist and adventurer Dr. Henry ""Indiana"" Jones, Jr. is called back into action and becomes entangled in a Soviet plot to uncover the secret behind mysterious artifacts known as the Crystal Skulls.","English, German, Russian",USA,Nominated for 1 BAFTA Film Award. Another 10 wins & 41 nominations.,https://m.media-amazon.com/images/M/MV5BMTIxNDUxNzcyMl5BMl5BanBnXkFtZTcwNTgwOTI3MQ@@._V1_SX300.jpg,"{'Source': 'Rotten Tomatoes', 'Value': '78%'}",65,6.1,"414,473",tt0367882,movie,14 Oct 2008,"$316,957,122",Paramount Pictures,N/A,True,Kingdom of the Crystal Skull,
2,Indiana Jones and the Kingdom of the Crystal Skull,2008,PG-13,22 May 2008,122 min,"Action, Adventure",Steven Spielberg,"David Koepp (screenplay), George Lucas (story), Jeff Nathanson (story), George Lucas (characters), Philip Kaufman (characters)","Harrison Ford, Cate Blanchett, Karen Allen, Shia LaBeouf","In 1957, archaeologist and adventurer Dr. Henry ""Indiana"" Jones, Jr. is called back into action and becomes entangled in a Soviet plot to uncover the secret behind mysterious artifacts known as the Crystal Skulls.","English, German, Russian",USA,Nominated for 1 BAFTA Film Award. Another 10 wins & 41 nominations.,https://m.media-amazon.com/images/M/MV5BMTIxNDUxNzcyMl5BMl5BanBnXkFtZTcwNTgwOTI3MQ@@._V1_SX300.jpg,"{'Source': 'Metacritic', 'Value': '65/100'}",65,6.1,"414,473",tt0367882,movie,14 Oct 2008,"$316,957,122",Paramount Pictures,N/A,True,Kingdom of the Crystal Skull,
0,Jennifer 8,1992,R,06 Nov 1992,124 min,"Crime, Drama, Mystery, Thriller",Bruce Robinson,Bruce Robinson,"Andy Garcia, Lance Henriksen, Uma Thurman, Graham Beckel","An LA homicide investigator moves and starts a murder investigation after a woman's hand etc. are found at a dump. Could it be a Jennifer (victims of a serial killer are called Jennifer).? It leads him to a witness; a cute, blind woman.",English,USA,5 wins.,https://m.media-amazon.com/images/M/MV5BMDNmNDAxYzgtODJjNS00YTRmLTkxOTAtNTliNzdjOWQ2NmI1XkEyXkFqcGdeQXVyNjMwMjk0MTQ@._V1_SX300.jpg,"{'Source': 'Internet Movie Database', 'Value': '6.3/10'}",N/A,6.3,"14,556",tt0104549,movie,11 Apr 2000,N/A,Paramount Home Video,N/A,True,Jennifer 8,
1,Jennifer 8,1992,R,06 Nov 1992,124 min,"Crime, Drama, Mystery, Thriller",Bruce Robinson,Bruce Robinson,"Andy Garcia, Lance Henriksen, Uma Thurman, Graham Beckel","An LA homicide investigator moves and starts a murder investigation after a woman's hand etc. are found at a dump. Could it be a Jennifer (victims of a serial killer are called Jennifer).? It leads him to a witness; a cute, blind woman.",English,USA,5 wins.,https://m.media-amazon.com/images/M/MV5BMDNmNDAxYzgtODJjNS00YTRmLTkxOTAtNTliNzdjOWQ2NmI1XkEyXkFqcGdeQXVyNjMwMjk0MTQ@._V1_SX300.jpg,"{'Source': 'Rotten Tomatoes', 'Value': '37%'}",N/A,6.3,"14,556",tt0104549,movie,11 Apr 2000,N/A,Paramount Home Video,N/A,True,Jennifer 8,
0,The Adventure,2008,N/A,29 Mar 2008,22 min,Short,Mike Brune,Mike Brune,"John Curran, Deborah Childs, Tim Stoltenberg, Dave Quay",A retired couple's quiet picnic in the park is violated by a silent intruder whose story exposes the troubling mysteries of existence.,English,USA,5 wins.,https://m.media-amazon.com/images/M/MV5BMTQxNTI3ODg5Nl5BMl5BanBnXkFtZTcwMDA5NTE3MQ@@._V1_SX300.jpg,"{'Source': 'Internet Movie Database', 'Value': '8.3/10'}",N/A,8.3,39,tt1172038,movie,N/A,N/A,N/A,N/A,True,The Adventure,
0,The Devil by the Tail,1969,M,07 Feb 1969,90 min,Comedy,Philippe de Broca,"Daniel Boulanger (scenario and dialogue), Claude Sautet (decoupage)","Yves Montand, Madeleine Renaud, Maria Schell, Jean Rochefort",A Marquise who lures motorists to her hotel by sabotaging their cars gets more than she bargains for when one guest turns out to be a bank robber on the run,French,"France, Italy",N/A,https://m.media-amazon.com/images/M/MV5BODg5OTg5MDEzNl5BMl5BanBnXkFtZTcwNzA1NzQ3MQ@@._V1_SX300.jpg,"{'Source': 'Internet Movie Database', 'Value': '6.8/10'}",N/A,6.8,438,tt0064232,movie,N/A,N/A,United Artists,N/A,True,The Devil by the tail,
0,Crooks in Cloisters,1964,Not Rated,11 Aug 1964,97 min,"Comedy, Crime",Jeremy Summers,"T.J. Morrison (screenplay), Mike Watts (screenplay), Mike Watts (from an original story by)","Ronald Fraser, Barbara Windsor, Grégoire Aslan, Bernard Cribbins","Having pulled off the smallest ever train robbery, Little Walter and his crew decide to get out of London. The six of them set up business in a disused monastery off the Cornish coast, ...",English,UK,N/A,https://m.media-amazon.com/images/M/MV5BMTc4MjgwNDA3OV5BMl5BanBnXkFtZTcwMTcyNDYyMQ@@._V1_SX300.jpg,"{'Source': 'Internet Movie Database', 'Value': '5.6/10'}",N/A,5.6,278,tt0057974,movie,N/A,N/A,Warner Bros.,N/A,True,Crooks in Cloisters,
0,"Sex, Lies, and Videotape",1989,R,22 Sep 1989,100 min,Drama,Steven Soderbergh,Steven Soderbergh,"James Spader, Andie MacDowell, Peter Gallagher, Laura San Giacomo",A sexually repressed woman's husband is having an affair with her sister. The arrival of a visitor with a rather unusual fetish changes everything.,English,USA,Nominated for 1 Oscar. Another 15 wins & 22 nominations.,https://m.media-amazon.com/images/M/MV5BNDllYWVkOTQtZjRlMC00NWFjLWI0OGEtOWY4YzU4ZjMxYzg3XkEyXkFqcGdeQXVyMTQxNzMzNDI@._V1_SX300.jpg,"{'Source': 'Internet Movie Database', 'Value': '7.2/10'}",86,7.2,"48,347",tt0098724,movie,28 Aug 2001,N/A,Sony Pictures Home Entertainment,N/A,True,Sex Lies and Videotape,
1,"Sex, Lies, and Videotape",1989,R,22 Sep 1989,100 min,Drama,Steven Soderbergh,Steven Soderbergh,"James Spader, Andie MacDowell, Peter Gallagher, Laura San Giacomo",A sexually repressed woman's husband is having an affair with her sister. The arrival of a visitor with a rather unusual fetish changes everything.,English,USA,Nominated for 1 Oscar. Another 15 wins & 22 nominations.,https://m.media-amazon.com/images/M/MV5BNDllYWVkOTQtZjRlMC00NWFjLWI0OGEtOWY4YzU4ZjMxYzg3XkEyXkFqcGdeQXVyMTQxNzMzNDI@._V1_SX300.jpg,"{'Source': 'Rotten Tomatoes', 'Value': '96%'}",86,7.2,"48,347",tt0098724,movie,28 Aug 2001,N/A,Sony Pictures Home Entertainment,N/A,True,Sex Lies and Videotape,
2,"Sex, Lies, and Videotape",1989,R,22 Sep 1989,100 min,Drama,Steven Soderbergh,Steven Soderbergh,"James Spader, Andie MacDowell, Peter Gallagher, Laura San Giacomo",A sexually repressed woman's husband is having an affair with her sister. The arrival of a visitor with a rather unusual fetish changes everything.,English,USA,Nominated for 1 Oscar. Another 15 wins & 22 nominations.,https://m.media-amazon.com/images/M/MV5BNDllYWVkOTQtZjRlMC00NWFjLWI0OGEtOWY4YzU4ZjMxYzg3XkEyXkFqcGdeQXVyMTQxNzMzNDI@._V1_SX300.jpg,"{'Source': 'Metacritic', 'Value': '86/100'}",86,7.2,"48,347",tt0098724,movie,28 Aug 2001,N/A,Sony Pictures Home Entertainment,N/A,True,Sex Lies and Videotape,
0,Love & Basketball,2000,PG-13,21 Apr 2000,124 min,"Drama, Romance, Sport",Gina Prince-Bythewood,Gina Prince-Bythewood,"Glenndon Chatman, Jess Willard, Chris Warren, Kyla Pratt",Monica and Quincy love and play basketball together through many life challenges from childhood to adulthood.,"English, Spanish",USA,13 wins & 15 nominations.,https://m.media-amazon.com/images/M/MV5BMTU4NjY4NTI5MF5BMl5BanBnXkFtZTYwNjQ4OTc3._V1_SX300.jpg,"{'Source': 'Internet Movie Database', 'Value': '7.2/10'}",70,7.2,"17,782",tt0199725,movie,10 Oct 2000,N/A,New Line Cinema,N/A,True,Love & Basketball,
1,Love & Basketball,2000,PG-13,21 Apr 2000,124 min,"Drama, Romance, Sport",Gina Prince-Bythewood,Gina Prince-Bythewood,"Glenndon Chatman, Jess Willard, Chris Warren, Kyla Pratt",Monica and Quincy love and play basketball together through many life challenges from childhood to adulthood.,"English, Spanish",USA,13 wins & 15 nominations.,https://m.media-amazon.com/images/M/MV5BMTU4NjY4NTI5MF5BMl5BanBnXkFtZTYwNjQ4OTc3._V1_SX300.jpg,"{'Source': 'Rotten Tomatoes', 'Value': '83%'}",70,7.2,"17,782",tt0199725,movie,10 Oct 2000,N/A,New Line Cinema,N/A,True,Love & Basketball,
2,Love & Basketball,2000,PG-13,21 Apr 2000,124 min,"Drama, Romance, Sport",Gina Prince-Bythewood,Gina Prince-Bythewood,"Glenndon Chatman, Jess Willard, Chris Warren, Kyla Pratt",Monica and Quincy love and play basketball together through many life challenges from childhood to adulthood.,"English, Spanish",USA,13 wins & 15 nominations.,https://m.media-amazon.com/images/M/MV5BMTU4NjY4NTI5MF5BMl5BanBnXkFtZTYwNjQ4OTc3._V1_SX300.jpg,"{'Source': 'Metacritic', 'Value': '70/100'}",70,7.2,"17,782",tt0199725,movie,10 Oct 2000,N/A,New Line Cinema,N/A,True,Love & Basketball,
0,Mr. Brooks,2007,R,01 Jun 2007,120 min,"Crime, Drama, Thriller",Bruce A. Evans,"Bruce A. Evans, Raynold Gideon","Kevin Costner, Demi Moore, Dane Cook, William Hurt",A well-respected businessman is sometimes controlled by his murder and mayhem-loving alter ego.,English,USA,2 nominations.,https://m.media-amazon.com/images/M/MV5BMTQyNTk5MTMxN15BMl5BanBnXkFtZTcwNTc0ODI1NA@@._V1_SX300.jpg,"{'Source': 'Internet Movie Database', 'Value': '7.3/10'}",45,7.3,"140,645",tt0780571,movie,23 Oct 2007,"$28,424,648",MGM,N/A,True,Mr. Brooks,
1,Mr. Brooks,2007,R,01 Jun 2007,120 min,"Crime, Drama, Thriller",Bruce A. Evans,"Bruce A. Evans, Raynold Gideon","Kevin Costner, Demi Moore, Dane Cook, William Hurt",A well-respected businessman is sometimes controlled by his murder and mayhem-loving alter ego.,English,USA,2 nominations.,https://m.media-amazon.com/images/M/MV5BMTQyNTk5MTMxN15BMl5BanBnXkFtZTcwNTc0ODI1NA@@._V1_SX300.jpg,"{'Source': 'Rotten Tomatoes', 'Value': '55%'}",45,7.3,"140,645",tt0780571,movie,23 Oct 2007,"$28,424,648",MGM,N/A,True,Mr. Brooks,
2,Mr. Brooks,2007,R,01 Jun 2007,120 min,"Crime, Drama, Thriller",Bruce A. Evans,"Bruce A. Evans, Raynold Gideon","Kevin Costner, Demi Moore, Dane Cook, William Hurt",A well-respected businessman is sometimes controlled by his murder and mayhem-loving alter ego.,English,USA,2 nominations.,https://m.media-amazon.com/images/M/MV5BMTQyNTk5MTMxN15BMl5BanBnXkFtZTcwNTc0ODI1NA@@._V1_SX300.jpg,"{'Source': 'Metacritic', 'Value': '45/100'}",45,7.3,"140,645",tt0780571,movie,23 Oct 2007,"$28,424,648",MGM,N/A,True,Mr. Brooks,
0,"Synecdoche, New York",2008,R,05 Feb 2009,124 min,"Comedy, Drama",Charlie Kaufman,Charlie Kaufman,"Philip Seymour Hoffman, Catherine Keener, Sadie Goldstein, Tom Noonan","A theatre director struggles with his work, and the women in his life, as he creates a life-size replica of New York City inside a warehouse as part of his new play.","English, German",USA,8 wins & 29 nominations.,https://m.media-amazon.com/images/M/MV5BMjA0MjIyOTI3MF5BMl5BanBnXkFtZTcwODM5NTY5MQ@@._V1_SX300.jpg,"{'Source': 'Internet Movie Database', 'Value': '7.6/10'}",67,7.6,"78,444",tt0383028,movie,31 Mar 2009,"$3,000,000",Sydney Kimmel Entertainment,N/A,True,"Synecdoche, New York",
1,"Synecdoche, New York",2008,R,05 Feb 2009,124 min,"Comedy, Drama",Charlie Kaufman,Charlie Kaufman,"Philip Seymour Hoffman, Catherine Keener, Sadie Goldstein, Tom Noonan","A theatre director struggles with his work, and the women in his life, as he creates a life-size replica of New York City inside a warehouse as part of his new play.","English, German",USA,8 wins & 29 nominations.,https://m.media-amazon.com/images/M/MV5BMjA0MjIyOTI3MF5BMl5BanBnXkFtZTcwODM5NTY5MQ@@._V1_SX300.jpg,"{'Source': 'Rotten Tomatoes', 'Value': '68%'}",67,7.6,"78,444",tt0383028,movie,31 Mar 2009,"$3,000,000",Sydney Kimmel Entertainment,N/A,True,"Synecdoche, New York",
2,"Synecdoche, New York",2008,R,05 Feb 2009,124 min,"Comedy, Drama",Charlie Kaufman,Charlie Kaufman,"Philip Seymour Hoffman, Catherine Keener, Sadie Goldstein, Tom Noonan","A theatre director struggles with his work, and the women in his life, as he creates a life-size replica of New York City inside a warehouse as part of his new play.","English, German",USA,8 wins & 29 nominations.,https://m.media-amazon.com/images/M/MV5BMjA0MjIyOTI3MF5BMl5BanBnXkFtZTcwODM5NTY5MQ@@._V1_SX300.jpg,"{'Source': 'Metacritic', 'Value': '67/100'}",67,7.6,"78,444",tt0383028,movie,31 Mar 2009,"$3,000,000",Sydney Kimmel Entertainment,N/A,True,"Synecdoche, New York",
0,Poltergeist,1982,PG,04 Jun 1982,114 min,"Horror, Thriller",Tobe Hooper,"Steven Spielberg (screenplay by), Michael Grais (screenplay by), Mark Victor (screenplay by), Steven Spielberg (story by)","Craig T. Nelson, JoBeth Williams, Beatrice Straight, Dominique Dunne",A family's home is haunted by a host of demonic ghosts.,English,USA,Nominated for 3 Oscars. Another 4 wins & 4 nominations.,https://m.media-amazon.com/images/M/MV5BNzliZmRlYTctYmNkYS00NzE5LWI1OWQtMTRiODY5MDMwMTVkXkEyXkFqcGdeQXVyMTQxNzMzNDI@._V1_SX300.jpg,"{'Source': 'Internet Movie Database', 'Value': '7.3/10'}",79,7.3,"137,007",tt0084516,movie,18 Apr 2000,N/A,MGM Home Entertainment,N/A,True,Poltergeist,
1,Poltergeist,1982,PG,04 Jun 1982,114 min,"Horror, Thriller",Tobe Hooper,"Steven Spielberg (screenplay by), Michael Grais (screenplay by), Mark Victor (screenplay by), Steven Spielberg (story by)","Craig T. Nelson, JoBeth Williams, Beatrice Straight, Dominique Dunne",A family's home is haunted by a host of demonic ghosts.,English,USA,Nominated for 3 Oscars. Another 4 wins & 4 nominations.,https://m.media-amazon.com/images/M/MV5BNzliZmRlYTctYmNkYS00NzE5LWI1OWQtMTRiODY5MDMwMTVkXkEyXkFqcGdeQXVyMTQxNzMzNDI@._V1_SX300.jpg,"{'Source': 'Rotten Tomatoes', 'Value': '85%'}",79,7.3,"137,007",tt0084516,movie,18 Apr 2000,N/A,MGM Home Entertainment,N/A,True,Poltergeist,
2,Poltergeist,1982,PG,04 Jun 1982,114 min,"Horror, Thriller",Tobe Hooper,"Steven Spielberg (screenplay by), Michael Grais (screenplay by), Mark Victor (screenplay by), Steven Spielberg (story by)","Craig T. Nelson, JoBeth Williams, Beatrice Straight, Dominique Dunne",A family's home is haunted by a host of demonic ghosts.,English,USA,Nominated for 3 Oscars. Another 4 wins & 4 nominations.,https://m.media-amazon.com/images/M/MV5BNzliZmRlYTctYmNkYS00NzE5LWI1OWQtMTRiODY5MDMwMTVkXkEyXkFqcGdeQXVyMTQxNzMzNDI@._V1_SX300.jpg,"{'Source': 'Metacritic', 'Value': '79/100'}",79,7.3,"137,007",tt0084516,movie,18 Apr 2000,N/A,MGM Home Entertainment,N/A,True,Poltergeist,
0,Freddy's Dead: The Final Nightmare,1991,R,13 Sep 1991,89 min,"Fantasy, Horror",Rachel Talalay,"Wes Craven (characters), Rachel Talalay (story), Michael De Luca (screenplay)","Robert Englund, Lisa Zane, Shon Greenblatt, Lezlie Deane","Dream-haunting Freddy Krueger returns once again to prowl the nightmares of Springwood's last surviving teenager, and of a woman whose personal connection to Krueger may mean his doom.",English,USA,1 win & 4 nominations.,https://m.media-amazon.com/images/M/MV5BOGQ3MTdiYjQtZmU1NC00NmQ5LTg2YTMtYWI0NjA5MzUwZTFkXkEyXkFqcGdeQXVyMTQxNzMzNDI@._V1_SX300.jpg,"{'Source': 'Internet Movie Database', 'Value': '4.9/10'}",39,4.9,"40,022",tt0101917,movie,21 Aug 2001,N/A,Sony Pictures Home Entertainment,N/A,True,Freddy's Dead: The Final Nightmare,
1,Freddy's Dead: The Final Nightmare,1991,R,13 Sep 1991,89 min,"Fantasy, Horror",Rachel Talalay,"Wes Craven (characters), Rachel Talalay (story), Michael De Luca (screenplay)","Robert Englund, Lisa Zane, Shon Greenblatt, Lezlie Deane","Dream-haunting Freddy Krueger returns once again to prowl the nightmares of Springwood's last surviving teenager, and of a woman whose personal connection to Krueger may mean his doom.",English,USA,1 win & 4 nominations.,https://m.media-amazon.com/images/M/MV5BOGQ3MTdiYjQtZmU1NC00NmQ5LTg2YTMtYWI0NjA5MzUwZTFkXkEyXkFqcGdeQXVyMTQxNzMzNDI@._V1_SX300.jpg,"{'Source': 'Rotten Tomatoes', 'Value': '20%'}",39,4.9,"40,022",tt0101917,movie,21 Aug 2001,N/A,Sony Pictures Home Entertainment,N/A,True,Freddy's Dead: The Final Nightmare,
2,Freddy's Dead: The Final Nightmare,1991,R,13 Sep 1991,89 min,"Fantasy, Horror",Rachel Talalay,"Wes Craven (characters), Rachel Talalay (story), Michael De Luca (screenplay)","Robert Englund, Lisa Zane, Shon Greenblatt, Lezlie Deane","Dream-haunting Freddy Krueger returns once again to prowl the nightmares of Springwood's last surviving teenager, and of a woman whose personal connection to Krueger may mean his doom.",English,USA,1 win & 4 nominations.,https://m.media-amazon.com/images/M/MV5BOGQ3MTdiYjQtZmU1NC00NmQ5LTg2YTMtYWI0NjA5MzUwZTFkXkEyXkFqcGdeQXVyMTQxNzMzNDI@._V1_SX300.jpg,"{'Source': 'Metacritic', 'Value': '39/100'}",39,4.9,"40,022",tt0101917,movie,21 Aug 2001,N/A,Sony Pictures Home Entertainment,N/A,True,Freddy's Dead: The Final Nightmare,
0,Pretty Woman,1990,R,23 Mar 1990,119 min,"Comedy, Romance",Garry Marshall,J.F. Lawton,"Richard Gere, Julia Roberts, Ralph Bellamy, Jason Alexander","A man in a legal but hurtful business needs an escort for some social events, and hires a beautiful prostitute he meets... only to fall in love.",English,USA,Nominated for 1 Oscar. Another 8 wins & 10 nominations.,https://m.media-amazon.com/images/M/MV5BNjk2ODQzNDYxNV5BMl5BanBnXkFtZTgwMTcyNDg4NjE@._V1_SX300.jpg,"{'Source': 'Internet Movie Database', 'Value': '7.0/10'}",51,7.0,"278,631",tt0100405,movie,19 May 1998,N/A,Buena Vista,N/A,True,Pretty Woman,
1,Pretty Woman,1990,R,23 Mar 1990,119 min,"Comedy, Romance",Garry Marshall,J.F. Lawton,"Richard Gere, Julia Roberts, Ralph Bellamy, Jason Alexander","A man in a legal but hurtful business needs an escort for some social events, and hires a beautiful prostitute he meets... only to fall in love.",English,USA,Nominated for 1 Oscar. Another 8 wins & 10 nominations.,https://m.media-amazon.com/images/M/MV5BNjk2ODQzNDYxNV5BMl5BanBnXkFtZTgwMTcyNDg4NjE@._V1_SX300.jpg,"{'Source': 'Rotten Tomatoes', 'Value': '63%'}",51,7.0,"278,631",tt0100405,movie,19 May 1998,N/A,Buena Vista,N/A,True,Pretty Woman,
2,Pretty Woman,1990,R,23 Mar 1990,119 min,"Comedy, Romance",Garry Marshall,J.F. Lawton,"Richard Gere, Julia Roberts, Ralph Bellamy, Jason Alexander","A man in a legal but hurtful business needs an escort for some social events, and hires a beautiful prostitute he meets... only to fall in love.",English,USA,Nominated for 1 Oscar. Another 8 wins & 10 nominations.,https://m.media-amazon.com/images/M/MV5BNjk2ODQzNDYxNV5BMl5BanBnXkFtZTgwMTcyNDg4NjE@._V1_SX300.jpg,"{'Source': 'Metacritic', 'Value': '51/100'}",51,7.0,"278,631",tt0100405,movie,19 May 1998,N/A,Buena Vista,N/A,True,Pretty Woman,
0,Rambo: First Blood Part II,1985,R,22 May 1985,96 min,"Action, Adventure, Thriller",George P. Cosmatos,"David Morrell (based on characters created by), Kevin Jarre (story by), Sylvester Stallone (screenplay by), James Cameron (screenplay by)","Sylvester Stallone, Richard Crenna, Charles Napier, Steven Berkoff",Rambo returns to the jungles of Vietnam on a mission to infiltrate an enemy base-camp and rescue the American POWs still held captive there.,"English, Vietnamese, Russian","USA, Mexico",Nominated for 1 Oscar. Another 5 wins & 4 nominations.,https://m.media-amazon.com/images/M/MV5BZWFkY2I1ZDAtNmZhNS00NjVlLWJiMGQtMGQ1ZmM0ZDA5ODg5XkEyXkFqcGdeQXVyMTQxNzMzNDI@._V1_SX300.jpg,"{'Source': 'Internet Movie Database', 'Value': '6.5/10'}",47,6.5,"150,336",tt0089880,movie,29 Aug 2000,N/A,TriStar Pictures,N/A,True,Rambo: First Blood Part II,
1,Rambo: First Blood Part II,1985,R,22 May 1985,96 min,"Action, Adventure, Thriller",George P. Cosmatos,"David Morrell (based on characters created by), Kevin Jarre (story by), Sylvester Stallone (screenplay by), James Cameron (screenplay by)","Sylvester Stallone, Richard Crenna, Charles Napier, Steven Berkoff",Rambo returns to the jungles of Vietnam on a mission to infiltrate an enemy base-camp and rescue the American POWs still held captive there.,"English, Vietnamese, Russian","USA, Mexico",Nominated for 1 Oscar. Another 5 wins & 4 nominations.,https://m.media-amazon.com/images/M/MV5BZWFkY2I1ZDAtNmZhNS00NjVlLWJiMGQtMGQ1ZmM0ZDA5ODg5XkEyXkFqcGdeQXVyMTQxNzMzNDI@._V1_SX300.jpg,"{'Source': 'Rotten Tomatoes', 'Value': '36%'}",47,6.5,"150,336",tt0089880,movie,29 Aug 2000,N/A,TriStar Pictures,N/A,True,Rambo: First Blood Part II,
2,Rambo: First Blood Part II,1985,R,22 May 1985,96 min,"Action, Adventure, Thriller",George P. Cosmatos,"David Morrell (based on characters created by), Kevin Jarre (story by), Sylvester Stallone (screenplay by), James Cameron (screenplay by)","Sylvester Stallone, Richard Crenna, Charles Napier, Steven Berkoff",Rambo returns to the jungles of Vietnam on a mission to infiltrate an enemy base-camp and rescue the American POWs still held captive there.,"English, Vietnamese, Russian","USA, Mexico",Nominated for 1 Oscar. Another 5 wins & 4 nominations.,https://m.media-amazon.com/images/M/MV5BZWFkY2I1ZDAtNmZhNS00NjVlLWJiMGQtMGQ1ZmM0ZDA5ODg5XkEyXkFqcGdeQXVyMTQxNzMzNDI@._V1_SX300.jpg,"{'Source': 'Metacritic', 'Value': '47/100'}",47,6.5,"150,336",tt0089880,movie,29 Aug 2000,N/A,TriStar Pictures,N/A,True,Rambo: First Blood Part II,
0,"Bodies, Rest & Motion",1993,R,09 Apr 1993,95 min,Drama,Michael Steinberg,"Roger Hedden (play), Roger Hedden (screenplay)","Phoebe Cates, Bridget Fonda, Tim Roth, Eric Stoltz","Nick is a feckless television salesman who gets fired and impulsively decides that he and his girlfriend, Beth, will move to Butte, MT, which he's read is ""the city of the future."" ""I read ...",English,USA,1 win & 1 nomination.,https://m.media-amazon.com/images/M/MV5BZmM4YTEyOWItZjI0Yi00Y2ZkLTgwNGYtNzY4NmI1OTU0NDZiXkEyXkFqcGdeQXVyMTQ3Njg3MQ@@._V1_SX300.jpg,"{'Source': 'Internet Movie Database', 'Value': '5.7/10'}",N/A,5.7,"2,137",tt0106447,movie,24 Jun 2003,N/A,Sony Pictures Home Entertainment,N/A,True,"Bodies, Rest & Motion",
1,"Bodies, Rest & Motion",1993,R,09 Apr 1993,95 min,Drama,Michael Steinberg,"Roger Hedden (play), Roger Hedden (screenplay)","Phoebe Cates, Bridget Fonda, Tim Roth, Eric Stoltz","Nick is a feckless television salesman who gets fired and impulsively decides that he and his girlfriend, Beth, will move to Butte, MT, which he's read is ""the city of the future."" ""I read ...",English,USA,1 win & 1 nomination.,https://m.media-amazon.com/images/M/MV5BZmM4YTEyOWItZjI0Yi00Y2ZkLTgwNGYtNzY4NmI1OTU0NDZiXkEyXkFqcGdeQXVyMTQ3Njg3MQ@@._V1_SX300.jpg,"{'Source': 'Rotten Tomatoes', 'Value': '52%'}",N/A,5.7,"2,137",tt0106447,movie,24 Jun 2003,N/A,Sony Pictures Home Entertainment,N/A,True,"Bodies, Rest & Motion",
0,"I, Robot",2004,PG-13,16 Jul 2004,115 min,"Action, Drama, Sci-Fi, Thriller",Alex Proyas,"Jeff Vintar (screenplay), Akiva Goldsman (screenplay), Jeff Vintar (screen story), Isaac Asimov (suggested by book)","Will Smith, Bridget Moynahan, Alan Tudyk, James Cromwell","In 2035, a technophobic cop investigates a crime that may have been perpetrated by a robot, which leads to a larger threat to humanity.",English,"USA, Germany",Nominated for 1 Oscar. Another 1 win & 13 nominations.,https://m.media-amazon.com/images/M/MV5BNmE1OWI2ZGItMDUyOS00MmU5LWE0MzUtYTQ0YzA1YTE5MGYxXkEyXkFqcGdeQXVyMDM5ODIyNw@@._V1_SX300.jpg,"{'Source': 'Internet Movie Database', 'Value': '7.1/10'}",59,7.1,"487,756",tt0343818,movie,08 Jun 2004,N/A,N/A,N/A,True,I Robot,
1,"I, Robot",2004,PG-13,16 Jul 2004,115 min,"Action, Drama, Sci-Fi, Thriller",Alex Proyas,"Jeff Vintar (screenplay), Akiva Goldsman (screenplay), Jeff Vintar (screen story), Isaac Asimov (suggested by book)","Will Smith, Bridget Moynahan, Alan Tudyk, James Cromwell","In 2035, a technophobic cop investigates a crime that may have been perpetrated by a robot, which leads to a larger threat to humanity.",English,"USA, Germany",Nominated for 1 Oscar. Another 1 win & 13 nominations.,https://m.media-amazon.com/images/M/MV5BNmE1OWI2ZGItMDUyOS00MmU5LWE0MzUtYTQ0YzA1YTE5MGYxXkEyXkFqcGdeQXVyMDM5ODIyNw@@._V1_SX300.jpg,"{'Source': 'Metacritic', 'Value': '59/100'}",59,7.1,"487,756",tt0343818,movie,08 Jun 2004,N/A,N/A,N/A,True,I Robot,
0,South Park,1997–,TV-MA,13 Aug 1997,22 min,"Animation, Comedy",N/A,"Trey Parker, Matt Stone, Brian Graden","Trey Parker, Matt Stone, Mona Marshall, April Stewart","Follows the misadventures of four irreverent grade-schoolers in the quiet, dysfunctional town of South Park, Colorado.",English,USA,Won 5 Primetime Emmys. Another 12 wins & 84 nominations.,https://m.media-amazon.com/images/M/MV5BOGE2YWUzMDItNTg2Ny00NTUzLTlmZGYtNWMyNzVjMjQ3MThkXkEyXkFqcGdeQXVyNTA4NzY1MzY@._V1_SX300.jpg,"{'Source': 'Internet Movie Database', 'Value': '8.7/10'}",N/A,8.7,"321,174",tt0121955,series,,,,,True,South Park,23.0
0,Star Wars: Episode IV - A New Hope,1977,PG,25 May 1977,121 min,"Action, Adventure, Fantasy, Sci-Fi",George Lucas,George Lucas,"Mark Hamill, Harrison Ford, Carrie Fisher, Peter Cushing","Luke Skywalker joins forces with a Jedi Knight, a cocky pilot, a Wookiee and two droids to save the galaxy from the Empire's world-destroying battle station, while also attempting to rescue Princess Leia from the mysterious Darth Vader.",English,USA,Won 6 Oscars. Another 52 wins & 28 nominations.,https://m.media-amazon.com/images/M/MV5BNzVlY2MwMjktM2E4OS00Y2Y3LWE3ZjctYzhkZGM3YzA1ZWM2XkEyXkFqcGdeQXVyNzkwMjQ5NzM@._V1_SX300.jpg,"{'Source': 'Internet Movie Database', 'Value': '8.6/10'}",90,8.6,"1,194,693",tt0076759,movie,21 Sep 2004,N/A,20th Century Fox,N/A,True,Star Wars: Episode IV - A New Hope,
1,Star Wars: Episode IV - A New Hope,1977,PG,25 May 1977,121 min,"Action, Adventure, Fantasy, Sci-Fi",George Lucas,George Lucas,"Mark Hamill, Harrison Ford, Carrie Fisher, Peter Cushing","Luke Skywalker joins forces with a Jedi Knight, a cocky pilot, a Wookiee and two droids to save the galaxy from the Empire's world-destroying battle station, while also attempting to rescue Princess Leia from the mysterious Darth Vader.",English,USA,Won 6 Oscars. Another 52 wins & 28 nominations.,https://m.media-amazon.com/images/M/MV5BNzVlY2MwMjktM2E4OS00Y2Y3LWE3ZjctYzhkZGM3YzA1ZWM2XkEyXkFqcGdeQXVyNzkwMjQ5NzM@._V1_SX300.jpg,"{'Source': 'Rotten Tomatoes', 'Value': '92%'}",90,8.6,"1,194,693",tt0076759,movie,21 Sep 2004,N/A,20th Century Fox,N/A,True,Star Wars: Episode IV - A New Hope,
2,Star Wars: Episode IV - A New Hope,1977,PG,25 May 1977,121 min,"Action, Adventure, Fantasy, Sci-Fi",George Lucas,George Lucas,"Mark Hamill, Harrison Ford, Carrie Fisher, Peter Cushing","Luke Skywalker joins forces with a Jedi Knight, a cocky pilot, a Wookiee and two droids to save the galaxy from the Empire's world-destroying battle station, while also attempting to rescue Princess Leia from the mysterious Darth Vader.",English,USA,Won 6 Oscars. Another 52 wins & 28 nominations.,https://m.media-amazon.com/images/M/MV5BNzVlY2MwMjktM2E4OS00Y2Y3LWE3ZjctYzhkZGM3YzA1ZWM2XkEyXkFqcGdeQXVyNzkwMjQ5NzM@._V1_SX300.jpg,"{'Source': 'Metacritic', 'Value': '90/100'}",90,8.6,"1,194,693",tt0076759,movie,21 Sep 2004,N/A,20th Century Fox,N/A,True,Star Wars: Episode IV - A New Hope,
0,Star Wars: Episode II - Attack of the Clones,2002,PG,16 May 2002,142 min,"Action, Adventure, Fantasy, Sci-Fi",George Lucas,"George Lucas (screenplay by), Jonathan Hales (screenplay by), George Lucas (story by)","Ewan McGregor, Natalie Portman, Hayden Christensen, Christopher Lee","Ten years after initially meeting, Anakin Skywalker shares a forbidden romance with Padmé Amidala, while Obi-Wan Kenobi investigates an assassination attempt on the senator and discovers a secret clone army crafted for the Jedi.",English,USA,Nominated for 1 Oscar. Another 19 wins & 63 nominations.,https://m.media-amazon.com/images/M/MV5BMDAzM2M0Y2UtZjRmZi00MzVlLTg4MjEtOTE3NzU5ZDVlMTU5XkEyXkFqcGdeQXVyNDUyOTg3Njg@._V1_SX300.jpg,"{'Source': 'Internet Movie Database', 'Value': '6.5/10'}",54,6.5,"621,249",tt0121765,movie,12 Nov 2002,"$307,900,000",20th Century Fox,N/A,True,Star Wars: Episode II - Attack of the Clones,
1,Star Wars: Episode II - Attack of the Clones,2002,PG,16 May 2002,142 min,"Action, Adventure, Fantasy, Sci-Fi",George Lucas,"George Lucas (screenplay by), Jonathan Hales (screenplay by), George Lucas (story by)","Ewan McGregor, Natalie Portman, Hayden Christensen, Christopher Lee","Ten years after initially meeting, Anakin Skywalker shares a forbidden romance with Padmé Amidala, while Obi-Wan Kenobi investigates an assassination attempt on the senator and discovers a secret clone army crafted for the Jedi.",English,USA,Nominated for 1 Oscar. Another 19 wins & 63 nominations.,https://m.media-amazon.com/images/M/MV5BMDAzM2M0Y2UtZjRmZi00MzVlLTg4MjEtOTE3NzU5ZDVlMTU5XkEyXkFqcGdeQXVyNDUyOTg3Njg@._V1_SX300.jpg,"{'Source': 'Rotten Tomatoes', 'Value': '65%'}",54,6.5,"621,249",tt0121765,movie,12 Nov 2002,"$307,900,000",20th Century Fox,N/A,True,Star Wars: Episode II - Attack of the Clones,
2,Star Wars: Episode II - Attack of the Clones,2002,PG,16 May 2002,142 min,"Action, Adventure, Fantasy, Sci-Fi",George Lucas,"George Lucas (screenplay by), Jonathan Hales (screenplay by), George Lucas (story by)","Ewan McGregor, Natalie Portman, Hayden Christensen, Christopher Lee","Ten years after initially meeting, Anakin Skywalker shares a forbidden romance with Padmé Amidala, while Obi-Wan Kenobi investigates an assassination attempt on the senator and discovers a secret clone army crafted for the Jedi.",English,USA,Nominated for 1 Oscar. Another 19 wins & 63 nominations.,https://m.media-amazon.com/images/M/MV5BMDAzM2M0Y2UtZjRmZi00MzVlLTg4MjEtOTE3NzU5ZDVlMTU5XkEyXkFqcGdeQXVyNDUyOTg3Njg@._V1_SX300.jpg,"{'Source': 'Metacritic', 'Value': '54/100'}",54,6.5,"621,249",tt0121765,movie,12 Nov 2002,"$307,900,000",20th Century Fox,N/A,True,Star Wars: Episode II - Attack of the Clones,
0,Star Wars: Episode VI - Return of the Jedi,1983,PG,25 May 1983,131 min,"Action, Adventure, Fantasy, Sci-Fi",Richard Marquand,"Lawrence Kasdan (screenplay by), George Lucas (screenplay by), George Lucas (story by)","Mark Hamill, Harrison Ford, Carrie Fisher, Billy Dee Williams","After a daring mission to rescue Han Solo from Jabba the Hutt, the Rebels dispatch to Endor to destroy the second Death Star. Meanwhile, Luke struggles to help Darth Vader back from the dark side without falling into the Emperor's trap.",English,USA,Nominated for 4 Oscars. Another 22 wins & 16 nominations.,https://m.media-amazon.com/images/M/MV5BOWZlMjFiYzgtMTUzNC00Y2IzLTk1NTMtZmNhMTczNTk0ODk1XkEyXkFqcGdeQXVyNTAyODkwOQ@@._V1_SX300.jpg,"{'Source': 'Internet Movie Database', 'Value': '8.3/10'}",58,8.3,"922,068",tt0086190,movie,12 Sep 2006,N/A,Twentieth Century Fox,N/A,True,Star Wars: Episode VI - Return of the Jedi,
1,Star Wars: Episode VI - Return of the Jedi,1983,PG,25 May 1983,131 min,"Action, Adventure, Fantasy, Sci-Fi",Richard Marquand,"Lawrence Kasdan (screenplay by), George Lucas (screenplay by), George Lucas (story by)","Mark Hamill, Harrison Ford, Carrie Fisher, Billy Dee Williams","After a daring mission to rescue Han Solo from Jabba the Hutt, the Rebels dispatch to Endor to destroy the second Death Star. Meanwhile, Luke struggles to help Darth Vader back from the dark side without falling into the Emperor's trap.",English,USA,Nominated for 4 Oscars. Another 22 wins & 16 nominations.,https://m.media-amazon.com/images/M/MV5BOWZlMjFiYzgtMTUzNC00Y2IzLTk1NTMtZmNhMTczNTk0ODk1XkEyXkFqcGdeQXVyNTAyODkwOQ@@._V1_SX300.jpg,"{'Source': 'Rotten Tomatoes', 'Value': '82%'}",58,8.3,"922,068",tt0086190,movie,12 Sep 2006,N/A,Twentieth Century Fox,N/A,True,Star Wars: Episode VI - Return of the Jedi,
2,Star Wars: Episode VI - Return of the Jedi,1983,PG,25 May 1983,131 min,"Action, Adventure, Fantasy, Sci-Fi",Richard Marquand,"Lawrence Kasdan (screenplay by), George Lucas (screenplay by), George Lucas (story by)","Mark Hamill, Harrison Ford, Carrie Fisher, Billy Dee Williams","After a daring mission to rescue Han Solo from Jabba the Hutt, the Rebels dispatch to Endor to destroy the second Death Star. Meanwhile, Luke struggles to help Darth Vader back from the dark side without falling into the Emperor's trap.",English,USA,Nominated for 4 Oscars. Another 22 wins & 16 nominations.,https://m.media-amazon.com/images/M/MV5BOWZlMjFiYzgtMTUzNC00Y2IzLTk1NTMtZmNhMTczNTk0ODk1XkEyXkFqcGdeQXVyNTAyODkwOQ@@._V1_SX300.jpg,"{'Source': 'Metacritic', 'Value': '58/100'}",58,8.3,"922,068",tt0086190,movie,12 Sep 2006,N/A,Twentieth Century Fox,N/A,True,Star Wars: Episode VI - Return of the Jedi,
0,Star Wars: Episode III - Revenge of the Sith,2005,PG-13,19 May 2005,140 min,"Action, Adventure, Fantasy, Sci-Fi",George Lucas,George Lucas,"Ewan McGregor, Natalie Portman, Hayden Christensen, Ian McDiarmid","Three years into the Clone Wars, the Jedi rescue Palpatine from Count Dooku. As Obi-Wan pursues a new threat, Anakin acts as a double agent between the Jedi Council and Palpatine and is lured into a sinister plan to rule the galaxy.",English,USA,Nominated for 1 Oscar. Another 26 wins & 61 nominations.,https://m.media-amazon.com/images/M/MV5BNTc4MTc3NTQ5OF5BMl5BanBnXkFtZTcwOTg0NjI4NA@@._V1_SX300.jpg,"{'Source': 'Internet Movie Database', 'Value': '7.5/10'}",68,7.5,"689,209",tt0121766,movie,01 Nov 2005,N/A,20th Century Fox,N/A,True,Star Wars: Episode III - Revenge of the Sith,
1,Star Wars: Episode III - Revenge of the Sith,2005,PG-13,19 May 2005,140 min,"Action, Adventure, Fantasy, Sci-Fi",George Lucas,George Lucas,"Ewan McGregor, Natalie Portman, Hayden Christensen, Ian McDiarmid","Three years into the Clone Wars, the Jedi rescue Palpatine from Count Dooku. As Obi-Wan pursues a new threat, Anakin acts as a double agent between the Jedi Council and Palpatine and is lured into a sinister plan to rule the galaxy.",English,USA,Nominated for 1 Oscar. Another 26 wins & 61 nominations.,https://m.media-amazon.com/images/M/MV5BNTc4MTc3NTQ5OF5BMl5BanBnXkFtZTcwOTg0NjI4NA@@._V1_SX300.jpg,"{'Source': 'Rotten Tomatoes', 'Value': '80%'}",68,7.5,"689,209",tt0121766,movie,01 Nov 2005,N/A,20th Century Fox,N/A,True,Star Wars: Episode III - Revenge of the Sith,
2,Star Wars: Episode III - Revenge of the Sith,2005,PG-13,19 May 2005,140 min,"Action, Adventure, Fantasy, Sci-Fi",George Lucas,George Lucas,"Ewan McGregor, Natalie Portman, Hayden Christensen, Ian McDiarmid","Three years into the Clone Wars, the Jedi rescue Palpatine from Count Dooku. As Obi-Wan pursues a new threat, Anakin acts as a double agent between the Jedi Council and Palpatine and is lured into a sinister plan to rule the galaxy.",English,USA,Nominated for 1 Oscar. Another 26 wins & 61 nominations.,https://m.media-amazon.com/images/M/MV5BNTc4MTc3NTQ5OF5BMl5BanBnXkFtZTcwOTg0NjI4NA@@._V1_SX300.jpg,"{'Source': 'Metacritic', 'Value': '68/100'}",68,7.5,"689,209",tt0121766,movie,01 Nov 2005,N/A,20th Century Fox,N/A,True,Star Wars: Episode III - Revenge of the Sith,
0,Star Wars: Episode V - The Empire Strikes Back,1980,PG,20 Jun 1980,124 min,"Action, Adventure, Fantasy, Sci-Fi",Irvin Kershner,"Leigh Brackett (screenplay by), Lawrence Kasdan (screenplay by), George Lucas (story by)","Mark Hamill, Harrison Ford, Carrie Fisher, Billy Dee Williams","After the Rebels are brutally overpowered by the Empire on the ice planet Hoth, Luke Skywalker begins Jedi training with Yoda, while his friends are pursued by Darth Vader and a bounty hunter named Boba Fett all over the galaxy.",English,USA,Won 1 Oscar. Another 24 wins & 20 nominations.,https://m.media-amazon.com/images/M/MV5BYmU1NDRjNDgtMzhiMi00NjZmLTg5NGItZDNiZjU5NTU4OTE0XkEyXkFqcGdeQXVyNzkwMjQ5NzM@._V1_SX300.jpg,"{'Source': 'Internet Movie Database', 'Value': '8.7/10'}",82,8.7,"1,122,805",tt0080684,movie,21 Sep 2004,"$4,548,170",Twentieth Century Fox,N/A,True,Star Wars: Episode V - The Empire Strikes Back,
1,Star Wars: Episode V - The Empire Strikes Back,1980,PG,20 Jun 1980,124 min,"Action, Adventure, Fantasy, Sci-Fi",Irvin Kershner,"Leigh Brackett (screenplay by), Lawrence Kasdan (screenplay by), George Lucas (story by)","Mark Hamill, Harrison Ford, Carrie Fisher, Billy Dee Williams","After the Rebels are brutally overpowered by the Empire on the ice planet Hoth, Luke Skywalker begins Jedi training with Yoda, while his friends are pursued by Darth Vader and a bounty hunter named Boba Fett all over the galaxy.",English,USA,Won 1 Oscar. Another 24 wins & 20 nominations.,https://m.media-amazon.com/images/M/MV5BYmU1NDRjNDgtMzhiMi00NjZmLTg5NGItZDNiZjU5NTU4OTE0XkEyXkFqcGdeQXVyNzkwMjQ5NzM@._V1_SX300.jpg,"{'Source': 'Rotten Tomatoes', 'Value': '94%'}",82,8.7,"1,122,805",tt0080684,movie,21 Sep 2004,"$4,548,170",Twentieth Century Fox,N/A,True,Star Wars: Episode V - The Empire Strikes Back,
2,Star Wars: Episode V - The Empire Strikes Back,1980,PG,20 Jun 1980,124 min,"Action, Adventure, Fantasy, Sci-Fi",Irvin Kershner,"Leigh Brackett (screenplay by), Lawrence Kasdan (screenplay by), George Lucas (story by)","Mark Hamill, Harrison Ford, Carrie Fisher, Billy Dee Williams","After the Rebels are brutally overpowered by the Empire on the ice planet Hoth, Luke Skywalker begins Jedi training with Yoda, while his friends are pursued by Darth Vader and a bounty hunter named Boba Fett all over the galaxy.",English,USA,Won 1 Oscar. Another 24 wins & 20 nominations.,https://m.media-amazon.com/images/M/MV5BYmU1NDRjNDgtMzhiMi00NjZmLTg5NGItZDNiZjU5NTU4OTE0XkEyXkFqcGdeQXVyNzkwMjQ5NzM@._V1_SX300.jpg,"{'Source': 'Metacritic', 'Value': '82/100'}",82,8.7,"1,122,805",tt0080684,movie,21 Sep 2004,"$4,548,170",Twentieth Century Fox,N/A,True,Star Wars: Episode V - The Empire Strikes Back,
0,Star Wars: Episode I - The Phantom Menace,1999,PG,19 May 1999,136 min,"Action, Adventure, Fantasy, Sci-Fi",George Lucas,George Lucas,"Liam Neeson, Ewan McGregor, Natalie Portman, Jake Lloyd","Two Jedi escape a hostile blockade to find allies and come across a young boy who may bring balance to the Force, but the long dormant Sith resurface to claim their old glory.",English,USA,Nominated for 3 Oscars. Another 26 wins & 65 nominations.,https://m.media-amazon.com/images/M/MV5BYTRhNjcwNWQtMGJmMi00NmQyLWE2YzItODVmMTdjNWI0ZDA2XkEyXkFqcGdeQXVyNTAyODkwOQ@@._V1_SX300.jpg,"{'Source': 'Internet Movie Database', 'Value': '6.5/10'}",51,6.5,"708,188",tt0120915,movie,16 Oct 2001,"$431,000,000",20th Century Fox,N/A,True,Star Wars: Episode I - The Phantom Menace,
1,Star Wars: Episode I - The Phantom Menace,1999,PG,19 May 1999,136 min,"Action, Adventure, Fantasy, Sci-Fi",George Lucas,George Lucas,"Liam Neeson, Ewan McGregor, Natalie Portman, Jake Lloyd","Two Jedi escape a hostile blockade to find allies and come across a young boy who may bring balance to the Force, but the long dormant Sith resurface to claim their old glory.",English,USA,Nominated for 3 Oscars. Another 26 wins & 65 nominations.,https://m.media-amazon.com/images/M/MV5BYTRhNjcwNWQtMGJmMi00NmQyLWE2YzItODVmMTdjNWI0ZDA2XkEyXkFqcGdeQXVyNTAyODkwOQ@@._V1_SX300.jpg,"{'Source': 'Rotten Tomatoes', 'Value': '53%'}",51,6.5,"708,188",tt0120915,movie,16 Oct 2001,"$431,000,000",20th Century Fox,N/A,True,Star Wars: Episode I - The Phantom Menace,
2,Star Wars: Episode I - The Phantom Menace,1999,PG,19 May 1999,136 min,"Action, Adventure, Fantasy, Sci-Fi",George Lucas,George Lucas,"Liam Neeson, Ewan McGregor, Natalie Portman, Jake Lloyd","Two Jedi escape a hostile blockade to find allies and come across a young boy who may bring balance to the Force, but the long dormant Sith resurface to claim their old glory.",English,USA,Nominated for 3 Oscars. Another 26 wins & 65 nominations.,https://m.media-amazon.com/images/M/MV5BYTRhNjcwNWQtMGJmMi00NmQyLWE2YzItODVmMTdjNWI0ZDA2XkEyXkFqcGdeQXVyNTAyODkwOQ@@._V1_SX300.jpg,"{'Source': 'Metacritic', 'Value': '51/100'}",51,6.5,"708,188",tt0120915,movie,16 Oct 2001,"$431,000,000",20th Century Fox,N/A,True,Star Wars: Episode I - The Phantom Menace,
0,"Lock, Stock and Two Smoking Barrels",1998,R,28 Aug 1998,107 min,"Action, Comedy, Crime",Guy Ritchie,Guy Ritchie,"Jason Flemyng, Dexter Fletcher, Nick Moran, Jason Statham","A botched card game in London triggers four friends, thugs, weed-growers, hard gangsters, loan sharks and debt collectors to collide with each other in a series of unexpected events, all for the sake of weed, cash and two antique shotguns.",English,UK,Nominated for 1 BAFTA Film Award. Another 13 wins & 7 nominations.,https://m.media-amazon.com/images/M/MV5BMTAyN2JmZmEtNjAyMy00NzYwLThmY2MtYWQ3OGNhNjExMmM4XkEyXkFqcGdeQXVyNDk3NzU2MTQ@._V1_SX300.jpg,"{'Source': 'Internet Movie Database', 'Value': '8.2/10'}",66,8.2,"520,258",tt0120735,movie,31 Aug 1999,N/A,Gramercy Pictures,N/A,True,"Lock, Stock and Two Smoking Barrels",
1,"Lock, Stock and Two Smoking Barrels",1998,R,28 Aug 1998,107 min,"Action, Comedy, Crime",Guy Ritchie,Guy Ritchie,"Jason Flemyng, Dexter Fletcher, Nick Moran, Jason Statham","A botched card game in London triggers four friends, thugs, weed-growers, hard gangsters, loan sharks and debt collectors to collide with each other in a series of unexpected events, all for the sake of weed, cash and two antique shotguns.",English,UK,Nominated for 1 BAFTA Film Award. Another 13 wins & 7 nominations.,https://m.media-amazon.com/images/M/MV5BMTAyN2JmZmEtNjAyMy00NzYwLThmY2MtYWQ3OGNhNjExMmM4XkEyXkFqcGdeQXVyNDk3NzU2MTQ@._V1_SX300.jpg,"{'Source': 'Rotten Tomatoes', 'Value': '75%'}",66,8.2,"520,258",tt0120735,movie,31 Aug 1999,N/A,Gramercy Pictures,N/A,True,"Lock, Stock and Two Smoking Barrels",
2,"Lock, Stock and Two Smoking Barrels",1998,R,28 Aug 1998,107 min,"Action, Comedy, Crime",Guy Ritchie,Guy Ritchie,"Jason Flemyng, Dexter Fletcher, Nick Moran, Jason Statham","A botched card game in London triggers four friends, thugs, weed-growers, hard gangsters, loan sharks and debt collectors to collide with each other in a series of unexpected events, all for the sake of weed, cash and two antique shotguns.",English,UK,Nominated for 1 BAFTA Film Award. Another 13 wins & 7 nominations.,https://m.media-amazon.com/images/M/MV5BMTAyN2JmZmEtNjAyMy00NzYwLThmY2MtYWQ3OGNhNjExMmM4XkEyXkFqcGdeQXVyNDk3NzU2MTQ@._V1_SX300.jpg,"{'Source': 'Metacritic', 'Value': '66/100'}",66,8.2,"520,258",tt0120735,movie,31 Aug 1999,N/A,Gramercy Pictures,N/A,True,"Lock, Stock and Two Smoking Barrels",
0,"Crazy, Stupid, Love.",2011,PG-13,29 Jul 2011,118 min,"Comedy, Drama, Romance","Glenn Ficarra, John Requa",Dan Fogelman,"Steve Carell, Ryan Gosling, Julianne Moore, Emma Stone","A middle-aged husband's life changes dramatically when his wife asks him for a divorce. He seeks to rediscover his manhood with the help of a newfound friend, Jacob, learning to pick up girls at bars.",English,USA,Nominated for 1 Golden Globe. Another 3 wins & 22 nominations.,https://m.media-amazon.com/images/M/MV5BMTg2MjkwMTM0NF5BMl5BanBnXkFtZTcwMzc4NDg2NQ@@._V1_SX300.jpg,"{'Source': 'Internet Movie Database', 'Value': '7.4/10'}",68,7.4,"459,394",tt1570728,movie,01 Nov 2011,"$83,300,000",Warner Bros. Pictures,N/A,True,"Crazy, Stupid, Love",
1,"Crazy, Stupid, Love.",2011,PG-13,29 Jul 2011,118 min,"Comedy, Drama, Romance","Glenn Ficarra, John Requa",Dan Fogelman,"Steve Carell, Ryan Gosling, Julianne Moore, Emma Stone","A middle-aged husband's life changes dramatically when his wife asks him for a divorce. He seeks to rediscover his manhood with the help of a newfound friend, Jacob, learning to pick up girls at bars.",English,USA,Nominated for 1 Golden Globe. Another 3 wins & 22 nominations.,https://m.media-amazon.com/images/M/MV5BMTg2MjkwMTM0NF5BMl5BanBnXkFtZTcwMzc4NDg2NQ@@._V1_SX300.jpg,"{'Source': 'Rotten Tomatoes', 'Value': '79%'}",68,7.4,"459,394",tt1570728,movie,01 Nov 2011,"$83,300,000",Warner Bros. Pictures,N/A,True,"Crazy, Stupid, Love",
2,"Crazy, Stupid, Love.",2011,PG-13,29 Jul 2011,118 min,"Comedy, Drama, Romance","Glenn Ficarra, John Requa",Dan Fogelman,"Steve Carell, Ryan Gosling, Julianne Moore, Emma Stone","A middle-aged husband's life changes dramatically when his wife asks him for a divorce. He seeks to rediscover his manhood with the help of a newfound friend, Jacob, learning to pick up girls at bars.",English,USA,Nominated for 1 Golden Globe. Another 3 wins & 22 nominations.,https://m.media-amazon.com/images/M/MV5BMTg2MjkwMTM0NF5BMl5BanBnXkFtZTcwMzc4NDg2NQ@@._V1_SX300.jpg,"{'Source': 'Metacritic', 'Value': '68/100'}",68,7.4,"459,394",tt1570728,movie,01 Nov 2011,"$83,300,000",Warner Bros. Pictures,N/A,True,"Crazy, Stupid, Love",
0,Terminator 2: Judgment Day,1991,R,03 Jul 1991,137 min,"Action, Sci-Fi",James Cameron,"James Cameron, William Wisher","Arnold Schwarzenegger, Linda Hamilton, Edward Furlong, Robert Patrick","A cyborg, identical to the one who failed to kill Sarah Connor, must now protect her teenage son, John Connor, from a more advanced and powerful cyborg.","English, Spanish",USA,Won 4 Oscars. Another 32 wins & 33 nominations.,https://m.media-amazon.com/images/M/MV5BMGU2NzRmZjUtOGUxYS00ZjdjLWEwZWItY2NlM2JhNjkxNTFmXkEyXkFqcGdeQXVyNjU0OTQ0OTY@._V1_SX300.jpg,"{'Source': 'Internet Movie Database', 'Value': '8.5/10'}",75,8.5,"967,267",tt0103064,movie,31 Mar 1998,"$198,116,802",TriStar Pictures,N/A,True,Terminator 2: Judgment Day,
1,Terminator 2: Judgment Day,1991,R,03 Jul 1991,137 min,"Action, Sci-Fi",James Cameron,"James Cameron, William Wisher","Arnold Schwarzenegger, Linda Hamilton, Edward Furlong, Robert Patrick","A cyborg, identical to the one who failed to kill Sarah Connor, must now protect her teenage son, John Connor, from a more advanced and powerful cyborg.","English, Spanish",USA,Won 4 Oscars. Another 32 wins & 33 nominations.,https://m.media-amazon.com/images/M/MV5BMGU2NzRmZjUtOGUxYS00ZjdjLWEwZWItY2NlM2JhNjkxNTFmXkEyXkFqcGdeQXVyNjU0OTQ0OTY@._V1_SX300.jpg,"{'Source': 'Rotten Tomatoes', 'Value': '93%'}",75,8.5,"967,267",tt0103064,movie,31 Mar 1998,"$198,116,802",TriStar Pictures,N/A,True,Terminator 2: Judgment Day,
2,Terminator 2: Judgment Day,1991,R,03 Jul 1991,137 min,"Action, Sci-Fi",James Cameron,"James Cameron, William Wisher","Arnold Schwarzenegger, Linda Hamilton, Edward Furlong, Robert Patrick","A cyborg, identical to the one who failed to kill Sarah Connor, must now protect her teenage son, John Connor, from a more advanced and powerful cyborg.","English, Spanish",USA,Won 4 Oscars. Another 32 wins & 33 nominations.,https://m.media-amazon.com/images/M/MV5BMGU2NzRmZjUtOGUxYS00ZjdjLWEwZWItY2NlM2JhNjkxNTFmXkEyXkFqcGdeQXVyNjU0OTQ0OTY@._V1_SX300.jpg,"{'Source': 'Metacritic', 'Value': '75/100'}",75,8.5,"967,267",tt0103064,movie,31 Mar 1998,"$198,116,802",TriStar Pictures,N/A,True,Terminator 2: Judgment Day,
0,The Avengers,2012,PG-13,04 May 2012,143 min,"Action, Adventure, Sci-Fi",Joss Whedon,"Joss Whedon (screenplay), Zak Penn (story), Joss Whedon (story)","Robert Downey Jr., Chris Evans, Mark Ruffalo, Chris Hemsworth",Earth's mightiest heroes must come together and learn to fight as a team if they are going to stop the mischievous Loki and his alien army from enslaving humanity.,"English, Russian, Hindi",USA,Nominated for 1 Oscar. Another 38 wins & 79 nominations.,https://m.media-amazon.com/images/M/MV5BNDYxNjQyMjAtNTdiOS00NGYwLWFmNTAtNThmYjU5ZGI2YTI1XkEyXkFqcGdeQXVyMTMxODk2OTU@._V1_SX300.jpg,"{'Source': 'Internet Movie Database', 'Value': '8.0/10'}",69,8.0,"1,234,641",tt0848228,movie,25 Sep 2012,"$623,279,547",Walt Disney Pictures,N/A,True,The Avengers,
1,The Avengers,2012,PG-13,04 May 2012,143 min,"Action, Adventure, Sci-Fi",Joss Whedon,"Joss Whedon (screenplay), Zak Penn (story), Joss Whedon (story)","Robert Downey Jr., Chris Evans, Mark Ruffalo, Chris Hemsworth",Earth's mightiest heroes must come together and learn to fight as a team if they are going to stop the mischievous Loki and his alien army from enslaving humanity.,"English, Russian, Hindi",USA,Nominated for 1 Oscar. Another 38 wins & 79 nominations.,https://m.media-amazon.com/images/M/MV5BNDYxNjQyMjAtNTdiOS00NGYwLWFmNTAtNThmYjU5ZGI2YTI1XkEyXkFqcGdeQXVyMTMxODk2OTU@._V1_SX300.jpg,"{'Source': 'Rotten Tomatoes', 'Value': '92%'}",69,8.0,"1,234,641",tt0848228,movie,25 Sep 2012,"$623,279,547",Walt Disney Pictures,N/A,True,The Avengers,
2,The Avengers,2012,PG-13,04 May 2012,143 min,"Action, Adventure, Sci-Fi",Joss Whedon,"Joss Whedon (screenplay), Zak Penn (story), Joss Whedon (story)","Robert Downey Jr., Chris Evans, Mark Ruffalo, Chris Hemsworth",Earth's mightiest heroes must come together and learn to fight as a team if they are going to stop the mischievous Loki and his alien army from enslaving humanity.,"English, Russian, Hindi",USA,Nominated for 1 Oscar. Another 38 wins & 79 nominations.,https://m.media-amazon.com/images/M/MV5BNDYxNjQyMjAtNTdiOS00NGYwLWFmNTAtNThmYjU5ZGI2YTI1XkEyXkFqcGdeQXVyMTMxODk2OTU@._V1_SX300.jpg,"{'Source': 'Metacritic', 'Value': '69/100'}",69,8.0,"1,234,641",tt0848228,movie,25 Sep 2012,"$623,279,547",Walt Disney Pictures,N/A,True,The Avengers,
0,The Adventures of Buckaroo Banzai Across the 8th Dimension,1984,PG,08 Nov 1984,103 min,"Adventure, Comedy, Romance, Sci-Fi",W.D. Richter,Earl Mac Rauch,"Peter Weller, John Lithgow, Ellen Barkin, Jeff Goldblum","Adventurer, brain surgeon, rock musician Buckaroo Banzai and his crime-fighting team, the Hong Kong Cavaliers, must stop evil alien invaders from the eighth dimension who are planning to conquer Earth.",English,USA,5 nominations.,https://m.media-amazon.com/images/M/MV5BMmE1OWZjYjctYzZlNi00YmEyLTg4YWYtZDc4NTE2ODZlYzhhXkEyXkFqcGdeQXVyNzc5MjA3OA@@._V1_SX300.jpg,"{'Source': 'Internet Movie Database', 'Value': '6.3/10'}",70,6.3,"23,264",tt0086856,movie,04 Jan 2002,N/A,Sherwood,N/A,True,The Adventures of Buckaroo Banzai Across the 8th Dimension,
1,The Adventures of Buckaroo Banzai Across the 8th Dimension,1984,PG,08 Nov 1984,103 min,"Adventure, Comedy, Romance, Sci-Fi",W.D. Richter,Earl Mac Rauch,"Peter Weller, John Lithgow, Ellen Barkin, Jeff Goldblum","Adventurer, brain surgeon, rock musician Buckaroo Banzai and his crime-fighting team, the Hong Kong Cavaliers, must stop evil alien invaders from the eighth dimension who are planning to conquer Earth.",English,USA,5 nominations.,https://m.media-amazon.com/images/M/MV5BMmE1OWZjYjctYzZlNi00YmEyLTg4YWYtZDc4NTE2ODZlYzhhXkEyXkFqcGdeQXVyNzc5MjA3OA@@._V1_SX300.jpg,"{'Source': 'Rotten Tomatoes', 'Value': '69%'}",70,6.3,"23,264",tt0086856,movie,04 Jan 2002,N/A,Sherwood,N/A,True,The Adventures of Buckaroo Banzai Across the 8th Dimension,
2,The Adventures of Buckaroo Banzai Across the 8th Dimension,1984,PG,08 Nov 1984,103 min,"Adventure, Comedy, Romance, Sci-Fi",W.D. Richter,Earl Mac Rauch,"Peter Weller, John Lithgow, Ellen Barkin, Jeff Goldblum","Adventurer, brain surgeon, rock musician Buckaroo Banzai and his crime-fighting team, the Hong Kong Cavaliers, must stop evil alien invaders from the eighth dimension who are planning to conquer Earth.",English,USA,5 nominations.,https://m.media-amazon.com/images/M/MV5BMmE1OWZjYjctYzZlNi00YmEyLTg4YWYtZDc4NTE2ODZlYzhhXkEyXkFqcGdeQXVyNzc5MjA3OA@@._V1_SX300.jpg,"{'Source': 'Metacritic', 'Value': '70/100'}",70,6.3,"23,264",tt0086856,movie,04 Jan 2002,N/A,Sherwood,N/A,True,The Adventures of Buckaroo Banzai Across the 8th Dimension,
0,Blast from the Past,1999,PG-13,12 Feb 1999,112 min,"Comedy, Drama, Romance, Sci-Fi",Hugh Wilson,"Bill Kelly (story), Bill Kelly (screenplay), Hugh Wilson (screenplay)","Brendan Fraser, Alicia Silverstone, Christopher Walken, Sissy Spacek",A naive man comes out into the world after spending 35 years in a nuclear fallout shelter.,"English, French, German, Latin",USA,1 nomination.,https://m.media-amazon.com/images/M/MV5BZGFiZjRhMTYtZmMzYS00MGEyLWEzN2EtNWMzMjA3OGI0NGZlXkEyXkFqcGdeQXVyNTAyODkwOQ@@._V1_SX300.jpg,"{'Source': 'Internet Movie Database', 'Value': '6.6/10'}",48,6.6,"57,939",tt0124298,movie,26 Dec 2001,N/A,New Line Home Entertainment,N/A,True,Blast from the Past,
1,Blast from the Past,1999,PG-13,12 Feb 1999,112 min,"Comedy, Drama, Romance, Sci-Fi",Hugh Wilson,"Bill Kelly (story), Bill Kelly (screenplay), Hugh Wilson (screenplay)","Brendan Fraser, Alicia Silverstone, Christopher Walken, Sissy Spacek",A naive man comes out into the world after spending 35 years in a nuclear fallout shelter.,"English, French, German, Latin",USA,1 nomination.,https://m.media-amazon.com/images/M/MV5BZGFiZjRhMTYtZmMzYS00MGEyLWEzN2EtNWMzMjA3OGI0NGZlXkEyXkFqcGdeQXVyNTAyODkwOQ@@._V1_SX300.jpg,"{'Source': 'Rotten Tomatoes', 'Value': '58%'}",48,6.6,"57,939",tt0124298,movie,26 Dec 2001,N/A,New Line Home Entertainment,N/A,True,Blast from the Past,
2,Blast from the Past,1999,PG-13,12 Feb 1999,112 min,"Comedy, Drama, Romance, Sci-Fi",Hugh Wilson,"Bill Kelly (story), Bill Kelly (screenplay), Hugh Wilson (screenplay)","Brendan Fraser, Alicia Silverstone, Christopher Walken, Sissy Spacek",A naive man comes out into the world after spending 35 years in a nuclear fallout shelter.,"English, French, German, Latin",USA,1 nomination.,https://m.media-amazon.com/images/M/MV5BZGFiZjRhMTYtZmMzYS00MGEyLWEzN2EtNWMzMjA3OGI0NGZlXkEyXkFqcGdeQXVyNTAyODkwOQ@@._V1_SX300.jpg,"{'Source': 'Metacritic', 'Value': '48/100'}",48,6.6,"57,939",tt0124298,movie,26 Dec 2001,N/A,New Line Home Entertainment,N/A,True,Blast from the Past,
0,The Lord of the Rings: The Fellowship of the Ring,2001,PG-13,19 Dec 2001,178 min,"Action, Adventure, Drama, Fantasy",Peter Jackson,"J.R.R. Tolkien (novel), Fran Walsh (screenplay), Philippa Boyens (screenplay), Peter Jackson (screenplay)","Alan Howard, Noel Appleby, Sean Astin, Sala Baker",A meek Hobbit from the Shire and eight companions set out on a journey to destroy the powerful One Ring and save Middle-earth from the Dark Lord Sauron.,"English, Sindarin",New Zealand,Won 4 Oscars. Another 114 wins & 124 nominations.,https://m.media-amazon.com/images/M/MV5BN2EyZjM3NzUtNWUzMi00MTgxLWI0NTctMzY4M2VlOTdjZWRiXkEyXkFqcGdeQXVyNDUzOTQ5MjY@._V1_SX300.jpg,"{'Source': 'Internet Movie Database', 'Value': '8.8/10'}",92,8.8,"1,606,070",tt0120737,movie,06 Aug 2002,"$314,000,000",New Line Cinema,N/A,True,The Lord of the Rings: The Fellowship of the Ring,
1,The Lord of the Rings: The Fellowship of the Ring,2001,PG-13,19 Dec 2001,178 min,"Action, Adventure, Drama, Fantasy",Peter Jackson,"J.R.R. Tolkien (novel), Fran Walsh (screenplay), Philippa Boyens (screenplay), Peter Jackson (screenplay)","Alan Howard, Noel Appleby, Sean Astin, Sala Baker",A meek Hobbit from the Shire and eight companions set out on a journey to destroy the powerful One Ring and save Middle-earth from the Dark Lord Sauron.,"English, Sindarin",New Zealand,Won 4 Oscars. Another 114 wins & 124 nominations.,https://m.media-amazon.com/images/M/MV5BN2EyZjM3NzUtNWUzMi00MTgxLWI0NTctMzY4M2VlOTdjZWRiXkEyXkFqcGdeQXVyNDUzOTQ5MjY@._V1_SX300.jpg,"{'Source': 'Rotten Tomatoes', 'Value': '91%'}",92,8.8,"1,606,070",tt0120737,movie,06 Aug 2002,"$314,000,000",New Line Cinema,N/A,True,The Lord of the Rings: The Fellowship of the Ring,
2,The Lord of the Rings: The Fellowship of the Ring,2001,PG-13,19 Dec 2001,178 min,"Action, Adventure, Drama, Fantasy",Peter Jackson,"J.R.R. Tolkien (novel), Fran Walsh (screenplay), Philippa Boyens (screenplay), Peter Jackson (screenplay)","Alan Howard, Noel Appleby, Sean Astin, Sala Baker",A meek Hobbit from the Shire and eight companions set out on a journey to destroy the powerful One Ring and save Middle-earth from the Dark Lord Sauron.,"English, Sindarin",New Zealand,Won 4 Oscars. Another 114 wins & 124 nominations.,https://m.media-amazon.com/images/M/MV5BN2EyZjM3NzUtNWUzMi00MTgxLWI0NTctMzY4M2VlOTdjZWRiXkEyXkFqcGdeQXVyNDUzOTQ5MjY@._V1_SX300.jpg,"{'Source': 'Metacritic', 'Value': '92/100'}",92,8.8,"1,606,070",tt0120737,movie,06 Aug 2002,"$314,000,000",New Line Cinema,N/A,True,The Lord of the Rings: The Fellowship of the Ring,
0,The Sandlot,1993,PG,07 Apr 1993,101 min,"Comedy, Drama, Family, Sport",David Mickey Evans,"David Mickey Evans, Robert Gunter","Art LaFleur, Tom Guiry, Mike Vitar, Patrick Renna","In the summer of 1962, a new kid in town is taken under the wing of a young baseball prodigy and his rowdy team, resulting in many adventures.",English,USA,1 win.,https://m.media-amazon.com/images/M/MV5BODllYjM1ODItYjBmOC00MzkwLWJmM2YtMjMyZDU3MGJhNjc4L2ltYWdlL2ltYWdlXkEyXkFqcGdeQXVyMTQxNzMzNDI@._V1_SX300.jpg,"{'Source': 'Internet Movie Database', 'Value': '7.8/10'}",55,7.8,"76,397",tt0108037,movie,29 Jan 2002,N/A,20th Century Fox,N/A,True,The Sandlot,
1,The Sandlot,1993,PG,07 Apr 1993,101 min,"Comedy, Drama, Family, Sport",David Mickey Evans,"David Mickey Evans, Robert Gunter","Art LaFleur, Tom Guiry, Mike Vitar, Patrick Renna","In the summer of 1962, a new kid in town is taken under the wing of a young baseball prodigy and his rowdy team, resulting in many adventures.",English,USA,1 win.,https://m.media-amazon.com/images/M/MV5BODllYjM1ODItYjBmOC00MzkwLWJmM2YtMjMyZDU3MGJhNjc4L2ltYWdlL2ltYWdlXkEyXkFqcGdeQXVyMTQxNzMzNDI@._V1_SX300.jpg,"{'Source': 'Rotten Tomatoes', 'Value': '61%'}",55,7.8,"76,397",tt0108037,movie,29 Jan 2002,N/A,20th Century Fox,N/A,True,The Sandlot,
2,The Sandlot,1993,PG,07 Apr 1993,101 min,"Comedy, Drama, Family, Sport",David Mickey Evans,"David Mickey Evans, Robert Gunter","Art LaFleur, Tom Guiry, Mike Vitar, Patrick Renna","In the summer of 1962, a new kid in town is taken under the wing of a young baseball prodigy and his rowdy team, resulting in many adventures.",English,USA,1 win.,https://m.media-amazon.com/images/M/MV5BODllYjM1ODItYjBmOC00MzkwLWJmM2YtMjMyZDU3MGJhNjc4L2ltYWdlL2ltYWdlXkEyXkFqcGdeQXVyMTQxNzMzNDI@._V1_SX300.jpg,"{'Source': 'Metacritic', 'Value': '55/100'}",55,7.8,"76,397",tt0108037,movie,29 Jan 2002,N/A,20th Century Fox,N/A,True,The Sandlot,
0,"The Chronicles of Narnia: The Lion, the Witch and the Wardrobe",2005,PG,09 Dec 2005,143 min,"Adventure, Family, Fantasy",Andrew Adamson,"Ann Peacock (screenplay), Andrew Adamson (screenplay), Christopher Markus (screenplay), Stephen McFeely (screenplay), C.S. Lewis (book)","Georgie Henley, Skandar Keynes, William Moseley, Anna Popplewell",Four kids travel through a wardrobe to the land of Narnia and learn of their destiny to free it with the guidance of a mystical lion.,"English, German, Brazilian Sign Language","UK, USA",Won 1 Oscar. Another 17 wins & 46 nominations.,https://m.media-amazon.com/images/M/MV5BMTc0NTUwMTU5OV5BMl5BanBnXkFtZTcwNjAwNzQzMw@@._V1_SX300.jpg,"{'Source': 'Internet Movie Database', 'Value': '6.9/10'}",75,6.9,"356,487",tt0363771,movie,04 Apr 2006,"$291,685,219",Buena Vista,N/A,True,"The Chronicles of Narnia: The Lion, the Witch and the Wardrobe",
1,"The Chronicles of Narnia: The Lion, the Witch and the Wardrobe",2005,PG,09 Dec 2005,143 min,"Adventure, Family, Fantasy",Andrew Adamson,"Ann Peacock (screenplay), Andrew Adamson (screenplay), Christopher Markus (screenplay), Stephen McFeely (screenplay), C.S. Lewis (book)","Georgie Henley, Skandar Keynes, William Moseley, Anna Popplewell",Four kids travel through a wardrobe to the land of Narnia and learn of their destiny to free it with the guidance of a mystical lion.,"English, German, Brazilian Sign Language","UK, USA",Won 1 Oscar. Another 17 wins & 46 nominations.,https://m.media-amazon.com/images/M/MV5BMTc0NTUwMTU5OV5BMl5BanBnXkFtZTcwNjAwNzQzMw@@._V1_SX300.jpg,"{'Source': 'Rotten Tomatoes', 'Value': '76%'}",75,6.9,"356,487",tt0363771,movie,04 Apr 2006,"$291,685,219",Buena Vista,N/A,True,"The Chronicles of Narnia: The Lion, the Witch and the Wardrobe",
2,"The Chronicles of Narnia: The Lion, the Witch and the Wardrobe",2005,PG,09 Dec 2005,143 min,"Adventure, Family, Fantasy",Andrew Adamson,"Ann Peacock (screenplay), Andrew Adamson (screenplay), Christopher Markus (screenplay), Stephen McFeely (screenplay), C.S. Lewis (book)","Georgie Henley, Skandar Keynes, William Moseley, Anna Popplewell",Four kids travel through a wardrobe to the land of Narnia and learn of their destiny to free it with the guidance of a mystical lion.,"English, German, Brazilian Sign Language","UK, USA",Won 1 Oscar. Another 17 wins & 46 nominations.,https://m.media-amazon.com/images/M/MV5BMTc0NTUwMTU5OV5BMl5BanBnXkFtZTcwNjAwNzQzMw@@._V1_SX300.jpg,"{'Source': 'Metacritic', 'Value': '75/100'}",75,6.9,"356,487",tt0363771,movie,04 Apr 2006,"$291,685,219",Buena Vista,N/A,True,"The Chronicles of Narnia: The Lion, the Witch and the Wardrobe",
0,Three Kings,1999,R,01 Oct 1999,114 min,"Action, Adventure, Comedy, Drama, War",David O. Russell,"John Ridley (story), David O. Russell (screenplay)","George Clooney, Mark Wahlberg, Ice Cube, Spike Jonze","In the aftermath of the Persian Gulf War, four soldiers set out to steal gold that was stolen from Kuwait, but they discover people who desperately need their help.","English, Arabic",USA,8 wins & 19 nominations.,https://m.media-amazon.com/images/M/MV5BZjQ5MzM1ZGItZDQyYi00ZDQ5LWJkMDQtYTIxZmIwNWQ5NmUxL2ltYWdlL2ltYWdlXkEyXkFqcGdeQXVyMTQxNzMzNDI@._V1_SX300.jpg,"{'Source': 'Internet Movie Database', 'Value': '7.1/10'}",82,7.1,"157,590",tt0120188,movie,04 Sep 2001,N/A,Warner Bros. Pictures,N/A,True,Three Kings,
1,Three Kings,1999,R,01 Oct 1999,114 min,"Action, Adventure, Comedy, Drama, War",David O. Russell,"John Ridley (story), David O. Russell (screenplay)","George Clooney, Mark Wahlberg, Ice Cube, Spike Jonze","In the aftermath of the Persian Gulf War, four soldiers set out to steal gold that was stolen from Kuwait, but they discover people who desperately need their help.","English, Arabic",USA,8 wins & 19 nominations.,https://m.media-amazon.com/images/M/MV5BZjQ5MzM1ZGItZDQyYi00ZDQ5LWJkMDQtYTIxZmIwNWQ5NmUxL2ltYWdlL2ltYWdlXkEyXkFqcGdeQXVyMTQxNzMzNDI@._V1_SX300.jpg,"{'Source': 'Rotten Tomatoes', 'Value': '94%'}",82,7.1,"157,590",tt0120188,movie,04 Sep 2001,N/A,Warner Bros. Pictures,N/A,True,Three Kings,
2,Three Kings,1999,R,01 Oct 1999,114 min,"Action, Adventure, Comedy, Drama, War",David O. Russell,"John Ridley (story), David O. Russell (screenplay)","George Clooney, Mark Wahlberg, Ice Cube, Spike Jonze","In the aftermath of the Persian Gulf War, four soldiers set out to steal gold that was stolen from Kuwait, but they discover people who desperately need their help.","English, Arabic",USA,8 wins & 19 nominations.,https://m.media-amazon.com/images/M/MV5BZjQ5MzM1ZGItZDQyYi00ZDQ5LWJkMDQtYTIxZmIwNWQ5NmUxL2ltYWdlL2ltYWdlXkEyXkFqcGdeQXVyMTQxNzMzNDI@._V1_SX300.jpg,"{'Source': 'Metacritic', 'Value': '82/100'}",82,7.1,"157,590",tt0120188,movie,04 Sep 2001,N/A,Warner Bros. Pictures,N/A,True,Three Kings,
0,The Twilight Saga: New Moon,2009,PG-13,20 Nov 2009,130 min,"Adventure, Drama, Fantasy, Romance",Chris Weitz,"Melissa Rosenberg (screenplay), Stephenie Meyer (novel)","Kristen Stewart, Christina Jastrzembska, Robert Pattinson, Billy Burke","Edward leaves Bella after an attack that nearly claimed her life, and, in her depression, she falls into yet another difficult relationship - this time with her close friend, Jacob Black.","English, Italian",USA,20 wins & 24 nominations.,https://m.media-amazon.com/images/M/MV5BMTI3MjE3NDIxNF5BMl5BanBnXkFtZTcwODM3NTY5Mg@@._V1_SX300.jpg,"{'Source': 'Internet Movie Database', 'Value': '4.7/10'}",44,4.7,"258,835",tt1259571,movie,20 Mar 2010,"$296,593,070",Summit Entertainment,N/A,True,The Twilight Saga: New Moon,
1,The Twilight Saga: New Moon,2009,PG-13,20 Nov 2009,130 min,"Adventure, Drama, Fantasy, Romance",Chris Weitz,"Melissa Rosenberg (screenplay), Stephenie Meyer (novel)","Kristen Stewart, Christina Jastrzembska, Robert Pattinson, Billy Burke","Edward leaves Bella after an attack that nearly claimed her life, and, in her depression, she falls into yet another difficult relationship - this time with her close friend, Jacob Black.","English, Italian",USA,20 wins & 24 nominations.,https://m.media-amazon.com/images/M/MV5BMTI3MjE3NDIxNF5BMl5BanBnXkFtZTcwODM3NTY5Mg@@._V1_SX300.jpg,"{'Source': 'Rotten Tomatoes', 'Value': '28%'}",44,4.7,"258,835",tt1259571,movie,20 Mar 2010,"$296,593,070",Summit Entertainment,N/A,True,The Twilight Saga: New Moon,
2,The Twilight Saga: New Moon,2009,PG-13,20 Nov 2009,130 min,"Adventure, Drama, Fantasy, Romance",Chris Weitz,"Melissa Rosenberg (screenplay), Stephenie Meyer (novel)","Kristen Stewart, Christina Jastrzembska, Robert Pattinson, Billy Burke","Edward leaves Bella after an attack that nearly claimed her life, and, in her depression, she falls into yet another difficult relationship - this time with her close friend, Jacob Black.","English, Italian",USA,20 wins & 24 nominations.,https://m.media-amazon.com/images/M/MV5BMTI3MjE3NDIxNF5BMl5BanBnXkFtZTcwODM3NTY5Mg@@._V1_SX300.jpg,"{'Source': 'Metacritic', 'Value': '44/100'}",44,4.7,"258,835",tt1259571,movie,20 Mar 2010,"$296,593,070",Summit Entertainment,N/A,True,The Twilight Saga: New Moon,
0,A Monkey in Winter,1962,N/A,31 Jan 1963,105 min,"Comedy, Drama",Henri Verneuil,"Antoine Blondin (novel), François Boyer (adaptation), Michel Audiard (dialogue)","Jean Gabin, Jean-Paul Belmondo, Suzanne Flon, Gabrielle Dorziat","Albert is an inn owner who vowed never to drink again if he and his wife survived the war. They did, and the reformed alcoholic keeps his vow. But times have changed and soon after the war,...",French,France,N/A,https://m.media-amazon.com/images/M/MV5BNDU0MDVlMGEtNTgwMi00MjM4LWIzMGEtNmEzNTVjNzc3ZTdjXkEyXkFqcGdeQXVyMjQzMzQzODY@._V1_SX300.jpg,"{'Source': 'Internet Movie Database', 'Value': '7.6/10'}",N/A,7.6,"2,050",tt0056636,movie,N/A,N/A,N/A,N/A,True,A Monkey in Winter,
0,"Happy Birthday, Wanda June",1971,R,09 Dec 1971,105 min,"Comedy, Drama",Mark Robson,"Kurt Vonnegut Jr. (play), Kurt Vonnegut Jr. (screenplay)","Rod Steiger, Susannah York, George Grizzard, Don Murray",A family reacts to the return of the patriarch who abandoned them seven years prior.,English,USA,N/A,https://m.media-amazon.com/images/M/MV5BNTEzYWU0MTItYTU0NS00MzRiLWJkYjYtNjY4MDQ3NWJlMTAyXkEyXkFqcGdeQXVyMjUyNDk2ODc@._V1_SX300.jpg,"{'Source': 'Internet Movie Database', 'Value': '6.1/10'}",N/A,6.1,248,tt0067180,movie,N/A,N/A,Columbia Pictures,N/A,True,"Happy Birthday, Wanda June",
