,Film,Genre,A,B,D,F,S,Unnamed: 0,Year,Rated,Released,Runtime,Metascore,imdbRating,imdbVotes,imdbID,BoxOffice
0,127 hours,Adventure,3,0,1,18,6,0.0,2010.0,R,28 Jan 2011,94 min,82.0,7.6,"339,139",tt1542344,"$18,329,466"
1,15 minutes,Action,4,0,3,28,16,0.0,2001.0,R,09 Mar 2001,120 min,34.0,6.1,"47,723",tt0179626,"$24,160,216"
2,1492: conquest of paradise,Adventure,2,0,3,1,1,0.0,1992.0,PG-13,09 Oct 1992,154 min,47.0,6.5,"27,491",tt0103594,
3,2012,Action,4,0,5,1,8,0.0,2009.0,PG-13,13 Nov 2009,158 min,49.0,5.8,"345,022",tt1190080,"$166,112,167"
4,lord of illusions,Horror,2,1,4,32,18,0.0,1995.0,R,25 Aug 1995,109 min,,6.1,"14,199",tt0113690,
5,mimic,Horror,1,1,1,16,17,0.0,1997.0,R,22 Aug 1997,105 min,55.0,5.9,"44,905",tt0119675,
6,war horse,War,0,0,1,0,0,0.0,2011.0,PG-13,25 Dec 2011,146 min,72.0,7.2,"143,515",tt1568911,"$79,883,359"
7,station west,Western,0,0,0,0,0,0.0,1948.0,Approved,01 Sep 1948,97 min,,6.6,882,tt0040835,
8,"searchers, the",Western,0,0,0,0,0,,,,,,,,,,
9,suspect zero,Horror,4,0,3,31,13,0.0,2004.0,R,27 Aug 2004,99 min,37.0,5.8,"18,572",tt0324127,"$8,570,393"
10,manhunter,Horror,2,3,6,8,5,0.0,1986.0,R,15 Aug 1986,120 min,75.0,7.2,"63,266",tt0091474,
11,aliens,Horror,4,3,6,22,14,0.0,1986.0,R,18 Jul 1986,137 min,84.0,8.3,"634,359",tt0090605,
12,swordfish,Thriller,11,2,2,29,18,0.0,2001.0,R,08 Jun 2001,99 min,32.0,6.5,"173,365",tt0244244,
13,"tourist, the",Thriller,0,0,2,1,3,,,,,,,,,,
14,u turn,Thriller,17,15,23,63,27,0.0,1997.0,R,03 Oct 1997,125 min,54.0,6.8,"48,185",tt0120399,
15,take shelter,Thriller,1,2,1,4,10,0.0,2011.0,R,10 Nov 2011,120 min,85.0,7.4,"88,699",tt1675192,"$1,600,000"
16,syriana,Thriller,4,0,8,19,12,0.0,2005.0,R,09 Dec 2005,128 min,76.0,6.9,"123,836",tt0365737,"$50,800,000"
17,training day,Thriller,44,11,6,121,104,0.0,2001.0,R,05 Oct 2001,122 min,69.0,7.7,"378,654",tt0139654,
18,two for the money,Thriller,16,6,12,104,22,0.0,2005.0,R,07 Oct 2005,122 min,50.0,6.3,"42,584",tt0417217,"$22,862,049"
19,wall street: money never sleeps,Drama,6,3,3,35,12,0.0,2010.0,PG-13,24 Sep 2010,133 min,59.0,6.2,"96,388",tt1027718,"$52,474,616"
20,warm springs,Drama,0,3,13,0,0,0.0,2005.0,Not Rated,30 Apr 2005,121 min,,7.5,"2,473",tt0423510,
21,"wrestler, the",Drama,19,2,4,41,23,,,,,,,,,,
22,you can count on me,Drama,4,1,4,15,16,0.0,2000.0,R,22 Dec 2000,111 min,85.0,7.5,"27,273",tt0203230,"$8,409,329"
23,"woodsman, the",Drama,7,1,5,26,15,,,,,,,,,,
24,"verdict, the",Drama,3,0,8,10,3,,,,,,,,,,
25,warrior,Drama,1,3,3,1,14,0.0,2011.0,PG-13,09 Sep 2011,140 min,71.0,8.2,"423,944",tt1291584,"$13,600,000"
26,under fire,Drama,4,2,7,29,4,0.0,1983.0,R,21 Oct 1983,128 min,,7.0,"6,556",tt0086510,
27,trainspotting,Drama,0,0,0,104,5,0.0,1996.0,R,09 Aug 1996,93 min,83.0,8.1,"619,568",tt0117951,
28,"sweet hereafter, the",Drama,0,1,3,5,1,,,,,,,,,,
29,sling blade,Drama,10,7,17,17,11,0.0,1996.0,R,14 Mar 1997,135 min,84.0,8.0,"85,323",tt0117666,
30,taking sides,Drama,0,0,3,8,6,0.0,2001.0,Not Rated,07 Mar 2002,108 min,61.0,7.2,"2,993",tt0260414,
31,thirteen days,Drama,11,3,16,8,16,0.0,2000.0,PG-13,12 Jan 2001,145 min,67.0,7.3,"52,749",tt0146309,
32,straight outta compton,Drama,40,9,22,161,159,0.0,2015.0,R,14 Aug 2015,147 min,72.0,7.9,"175,063",tt1398426,"$129,402,415"
33,sugar,Drama,2,0,3,8,15,0.0,2008.0,R,24 Apr 2009,114 min,82.0,7.2,"4,503",tt0990413,"$1,037,595"
34,"social network, the",Drama,8,5,2,17,17,,,,,,,,,,
35,snow falling on cedars,Drama,2,4,3,5,1,0.0,1999.0,PG-13,07 Jan 2000,127 min,44.0,6.7,"13,473",tt0120834,
36,rebel without a cause,Drama,0,0,0,0,0,0.0,1955.0,PG-13,24 Nov 1955,111 min,89.0,7.7,"81,022",tt0048545,
37,raging bull,Drama,10,3,2,67,7,0.0,1980.0,R,19 Dec 1980,129 min,89.0,8.2,"310,546",tt0081398,
38,room,Drama,1,0,1,2,3,0.0,2015.0,R,22 Jan 2016,118 min,86.0,8.1,"351,480",tt3170832,"$14,677,654"
39,shame,Drama,10,1,0,68,6,0.0,2011.0,NC-17,13 Jan 2012,101 min,72.0,7.2,"178,488",tt1723811,"$2,971,782"
40,precious,Drama,22,19,8,15,13,0.0,2009.0,R,20 Nov 2009,110 min,78.0,7.3,"103,598",tt0929632,"$47,536,959"
41,"sex, lies and videotape",Drama,4,7,2,17,11,,,,,,,,,,
42,shampoo,Drama,6,5,5,32,17,0.0,1975.0,R,13 Mar 1975,109 min,65.0,6.3,"10,200",tt0073692,
43,rko 281,Drama,1,3,22,26,12,0.0,1999.0,R,20 Nov 1999,86 min,,7.0,"5,558",tt0120801,
44,rush,Drama,13,0,0,8,6,0.0,2013.0,R,27 Sep 2013,123 min,74.0,8.1,"419,377",tt1979320,"$22,442,876"
45,rambling rose,Drama,4,13,27,0,3,0.0,1991.0,R,20 Sep 1991,112 min,,6.6,"4,482",tt0102753,
46,this boy's life,Drama,6,3,13,12,10,0.0,1993.0,R,23 Apr 1993,115 min,60.0,7.3,"45,100",tt0108330,
47,to sleep with anger,Drama,4,0,11,0,0,0.0,1990.0,PG,12 Oct 1990,102 min,,7.3,"1,640",tt0100791,
48,purple rain,Drama,8,2,3,22,11,0.0,1984.0,R,27 Jul 1984,111 min,55.0,6.6,"18,889",tt0087957,
49,"program, the",Drama,18,2,16,31,40,,,,,,,,,,
50,"shawshank redemption, the",Drama,31,4,33,39,55,,,,,,,,,,
51,"queen, the",Drama,0,0,0,0,0,,,,,,,,,,
52,"power of one, the",Drama,3,0,8,4,2,,,,,,,,,,
53,top gun,Drama,3,6,14,0,11,0.0,1986.0,PG,16 May 1986,110 min,50.0,6.9,"283,087",tt0092099,
54,pariah,Drama,8,0,13,10,14,0.0,2011.0,R,20 Jan 2011,86 min,79.0,7.2,"5,885",tt1233334,"$758,099"
55,petulia,Drama,1,1,9,0,0,0.0,1968.0,R,02 Sep 1968,105 min,,7.1,"2,705",tt0063426,
56,wonder boys,Comedy,3,1,6,14,14,0.0,2000.0,R,25 Feb 2000,107 min,73.0,7.3,"60,120",tt0185014,
57,withnail and i,Comedy,0,1,1,38,1,,,,,,,,,,
58,wag the dog,Comedy,1,0,2,8,5,0.0,1997.0,R,09 Jan 1998,97 min,73.0,7.2,"77,317",tt0120885,
59,win win,Comedy,3,0,3,19,32,0.0,2011.0,R,15 Apr 2011,106 min,75.0,7.1,"52,319",tt1606392,"$10,100,000"
60,un singe en hiver,Comedy,0,0,0,0,0,,,,,,,,,,
61,what about bob?,Comedy,6,4,1,0,3,0.0,1991.0,PG,17 May 1991,99 min,60.0,7.0,"60,767",tt0103241,
62,who's your daddy,Comedy,6,0,1,3,4,,,,,,,,,,
63,ordinary people,Drama,8,1,14,10,12,0.0,1980.0,R,19 Sep 1980,124 min,86.0,7.7,"45,278",tt0081283,
64,philadelphia,Drama,6,1,7,17,13,0.0,1993.0,PG-13,14 Jan 1994,125 min,66.0,7.7,"217,505",tt0107818,
65,"surfer king, the",Comedy,0,0,0,0,0,,,,,,,,,,
66,sunshine cleaning,Comedy,4,0,7,15,21,0.0,2008.0,R,17 Apr 2009,91 min,61.0,6.8,"68,621",tt0862846,"$12,033,702"
67,swingers,Comedy,19,26,3,26,25,0.0,1996.0,R,11 Apr 1997,96 min,71.0,7.2,"73,586",tt0117802,
68,tin men,Comedy,15,15,17,27,15,0.0,1987.0,R,13 Mar 1987,112 min,75.0,6.5,"7,527",tt0094155,
69,sugar and spice,Comedy,17,6,5,9,28,0.0,1989–,,06 Apr 1989,25 min,,8.1,23,tt0363379,
70,my week with marilyn,Drama,1,0,2,12,3,0.0,2011,R,23 Dec 2011,99 min,65.0,7.0,"82,007",tt1655420,"$12,600,000"
71,mud,Drama,11,8,4,0,28,0.0,2012,PG-13,10 May 2013,130 min,76.0,7.4,"163,320",tt1935179,"$21,589,307"
72,moneyball,Drama,8,1,0,8,10,0.0,2011,PG-13,23 Sep 2011,133 min,87.0,7.6,"349,587",tt1210166,"$75,605,492"
73,this is 40,Comedy,14,8,6,63,17,0.0,2012,R,21 Dec 2012,134 min,59.0,6.2,"124,171",tt1758830,"$65,200,000"
74,music of the heart,Drama,1,1,2,0,3,0.0,1999,PG,29 Oct 1999,124 min,54.0,6.8,"11,502",tt0166943,
75,superbad,Comedy,28,16,4,123,71,0.0,2007,R,17 Aug 2007,113 min,76.0,7.6,"508,694",tt0829482,"$121,463,226"
76,"passion of joan of arc, the",Drama,0,0,1,0,0,,,,,,,,,,
77,"synecdoche, new york",Comedy,5,0,2,37,5,0.0,2008,R,05 Feb 2009,124 min,67.0,7.6,"78,444",tt0383028,"$3,000,000"
78,one flew over the cuckoo's nest,Drama,14,3,4,12,8,0.0,1975,R,19 Nov 1975,133 min,83.0,8.7,"884,641",tt0073486,
79,"miracle worker, the",Drama,0,0,0,0,0,,,,,,,,,,
80,milk,Drama,5,0,7,8,12,0.0,2008,R,30 Jan 2009,128 min,84.0,7.5,"161,742",tt1013753,"$31,716,847"
81,smashed,Comedy,5,7,4,40,17,0.0,2012,R,14 Dec 2012,81 min,71.0,6.8,"16,181",tt2063781,"$375,981"
82,sexual life,Comedy,5,1,2,10,7,0.0,2004,R,19 Jun 2004,96 min,,5.0,900,tt0376874,
83,saving mr. banks,Comedy,0,0,1,0,0,0.0,2013,PG-13,20 Dec 2013,125 min,65.0,7.5,"147,963",tt2140373,"$53,260,198"
84,real genius,Comedy,0,0,0,0,0,0.0,1985,PG,07 Aug 1985,108 min,71.0,7.0,"29,339",tt0089886,
85,state and main,Comedy,4,3,3,6,3,0.0,2000,R,12 Jan 2001,105 min,75.0,6.7,"20,113",tt0120202,"$5,770,800"
86,"replacements, the",Comedy,17,3,14,15,24,,,,,,,,,,
87,little men,Drama,0,2,2,1,1,0.0,2016,PG,04 May 2017,85 min,86.0,6.7,"6,675",tt4919484,"$702,191"
88,raising arizona,Comedy,4,8,20,3,13,0.0,1987,PG-13,17 Apr 1987,94 min,68.0,7.3,"123,452",tt0093822,
89,semi-pro,Comedy,17,3,8,24,28,0.0,2008,R,29 Feb 2008,91 min,47.0,5.8,"77,000",tt0839980,"$33,370,443"
90,lincoln,Drama,0,2,18,1,3,0.0,2012,PG-13,16 Nov 2012,150 min,86.0,7.3,"239,062",tt0443272,"$129,477,447"
91,magnolia,Drama,13,6,10,168,34,0.0,1999,R,07 Jan 2000,188 min,77.0,8.0,"282,457",tt0175880,
92,malcolm x,Drama,2,9,4,1,13,0.0,1992,PG-13,18 Nov 1992,202 min,72.0,7.7,"82,459",tt0104797,
93,margaret,Drama,6,1,3,49,12,0.0,2011,R,01 Jun 2012,150 min,61.0,6.4,"15,594",tt0466893,"$46,495"
94,stepmom,Comedy,3,2,10,13,9,0.0,1998,PG-13,25 Dec 1998,125 min,58.0,6.8,"58,507",tt0120686,
95,light sleeper,Drama,5,1,2,26,8,0.0,1992,R,13 Mar 1992,103 min,70.0,6.9,"5,232",tt0102307,
96,kundun,Drama,0,0,0,0,0,0.0,1997,PG-13,16 Jan 1998,134 min,74.0,7.0,"25,507",tt0119485,
97,papadopoulos & sons,Comedy,0,1,0,7,4,0.0,2012,Not Rated,05 Apr 2013,105 min,,6.0,"2,228",tt2006810,
98,peggy sue got married,Comedy,0,1,10,0,3,0.0,1986,PG-13,10 Oct 1986,103 min,74.0,6.3,"31,521",tt0091738,
99,"last station, the",Drama,0,1,2,0,0,,,,,,,,,,
100,kramer vs kramer,Drama,1,3,9,2,10,,,,,,,,,,
101,"last flight, the",Drama,0,0,0,0,0,,,,,,,,,,
102,storytelling,Comedy,2,2,1,19,6,0.0,2001,R,08 Nov 2001,87 min,50.0,6.8,"16,848",tt0250081,"$850,758"
103,"master, the",Drama,3,0,1,5,4,,,,,,,,,,
104,midnight cowboy,Drama,3,3,3,0,1,0.0,1969,R,16 Jun 1969,113 min,79.0,7.8,"97,754",tt0064665,
105,napoleon dynamite,Comedy,0,0,0,0,0,0.0,2004,PG,27 Aug 2004,96 min,64.0,6.9,"193,466",tt0374900,"$44,478,018"
106,mr blandings builds his dream house,Comedy,0,0,0,0,0,,,,,,,,,,
107,next friday,Comedy,46,7,29,32,26,0.0,2000,R,12 Jan 2000,98 min,41.0,6.2,"35,810",tt0195945,
108,office space,Comedy,13,3,3,12,23,0.0,1999,R,19 Feb 1999,89 min,68.0,7.7,"236,377",tt0151804,
109,mumford,Comedy,5,3,3,6,6,0.0,1999,R,24 Sep 1999,112 min,62.0,6.8,"8,660",tt0140397,
110,"ice storm, the",Drama,3,0,4,3,18,,,,,,,,,,
111,mr deeds goes to town,Comedy,0,0,0,0,0,,,,,,,,,,
112,"ides of march, the",Drama,4,0,3,56,21,,,,,,,,,,
113,ni vu ni connu,Comedy,0,0,3,0,0,,,,,,,,,,
114,invictus,Drama,1,0,2,0,4,0.0,2009,PG-13,11 Dec 2009,134 min,74.0,7.3,"146,753",tt1057500,"$37,431,431"
115,"iron lady, the",Drama,0,0,2,0,0,,,,,,,,,,
116,"king's speech, the",Drama,0,0,6,10,7,,,,,,,,,,
117,margot at the wedding,Comedy,4,1,0,39,11,0.0,2007,R,14 Dec 2007,91 min,66.0,6.0,"19,133",tt0757361,"$1,929,081"
118,major league,Comedy,5,2,8,14,25,0.0,1989,R,07 Apr 1989,107 min,62.0,7.2,"60,183",tt0097815,
119,kafka,Drama,0,0,1,0,0,0.0,1991,PG-13,15 Nov 1991,98 min,46.0,6.9,"9,089",tt0102181,
120,i am sam,Drama,1,1,6,1,1,0.0,2001,PG-13,25 Jan 2002,132 min,28.0,7.7,"140,577",tt0277027,"$40,270,895"
121,meet john doe,Comedy,0,0,0,0,0,0.0,1941,Not Rated,03 May 1941,122 min,,7.7,"11,442",tt0033891,
122,hitchcock,Drama,0,1,3,0,0,0.0,2012,PG-13,14 Dec 2012,98 min,55.0,6.8,"70,613",tt0975645,"$6,002,708"
123,man on the moon,Comedy,6,0,3,6,6,0.0,1999,R,22 Dec 1999,118 min,58.0,7.4,"121,427",tt0125664,
124,malibu's most wanted,Comedy,37,17,30,1,7,0.0,2003,PG-13,18 Apr 2003,86 min,43.0,5.1,"18,248",tt0328099,"$34,308,901"
125,living in oblivion,Comedy,8,0,5,47,13,0.0,1995,R,21 Jul 1995,90 min,81.0,7.5,"15,918",tt0113677,
126,kids,Drama,9,12,2,99,42,0.0,1995,Unrated,01 Sep 1995,91 min,63.0,7.1,"71,099",tt0113540,
127,"help, the",Drama,1,0,9,0,7,,,,,,,,,,
128,hesher,Drama,8,2,0,98,24,0.0,2010,R,25 Jun 2011,106 min,45.0,7.0,"49,780",tt1403177,"$300,000"
129,legally blonde,Comedy,13,5,3,2,3,0.0,2001,PG-13,13 Jul 2001,96 min,59.0,6.3,"178,156",tt0250494,"$95,001,351"
130,life,Comedy,13,10,28,19,16,0.0,2017,R,24 Mar 2017,104 min,54.0,6.6,"199,775",tt5442430,"$30,180,466"
131,life as a house,Comedy,4,1,2,16,11,0.0,2001,R,09 Nov 2001,125 min,45.0,7.5,"42,248",tt0264796,"$15,412,701"
132,little athens,Comedy,41,11,1,136,79,0.0,2005,R,01 Jun 2005,103 min,,5.6,902,tt0417907,
133,le diable par la queue,Comedy,0,0,0,0,0,,,,,,,,,,
134,gladiator,Drama,1,0,7,0,1,0.0,2000,R,05 May 2000,155 min,67.0,8.5,"1,295,815",tt0172495,
135,glengarry glen gross,Drama,17,0,6,147,42,,,,,,,,,,
136,get on up,Drama,6,1,4,9,20,0.0,2014,PG-13,01 Aug 2014,139 min,71.0,6.9,"20,086",tt2473602,"$22,838,662"
137,gods and monsters,Drama,4,2,7,11,5,0.0,1998,R,04 Nov 1998,105 min,74.0,7.4,"28,694",tt0120684,
138,"grapes of wrath, the",Drama,0,0,0,0,0,,,,,,,,,,
139,"invention of lying, the",Comedy,7,3,3,21,8,,,,,,,,,,
140,"kids are all right, the",Comedy,14,2,0,30,10,,,,,,,,,,
141,gandhi,Drama,0,0,7,0,0,0.0,1982,PG,25 Feb 1983,191 min,79.0,8.0,"214,287",tt0083987,
142,"hebrew hammer, the",Comedy,10,3,6,10,11,,,,,,,,,,
143,henry fool,Comedy,5,0,1,17,13,0.0,1997,R,19 Jun 1998,137 min,68.0,7.2,"6,762",tt0122529,
144,"hospital, the",Comedy,5,13,5,1,1,,,,,,,,,,
145,human nature,Comedy,3,5,4,14,8,0.0,2001,R,12 Sep 2001,96 min,56.0,6.4,"17,093",tt0219822,"$651,165"
146,g.i. jane,Drama,11,3,11,14,17,0.0,1997,R,22 Aug 1997,125 min,62.0,5.9,"71,574",tt0119173,
147,fruitvale station,Drama,15,11,1,58,40,0.0,2013,R,26 Jul 2013,85 min,85.0,7.5,"72,709",tt2334649,"$11,010,136"
148,grand theft parsons,Comedy,3,5,9,2,9,0.0,2003,PG-13,18 Jun 2004,88 min,46.0,6.0,"3,273",tt0338075,
149,heathers,Comedy,16,11,22,28,32,0.0,1989,R,31 Mar 1989,103 min,72.0,7.2,"83,648",tt0097493,
150,"happy birthday, wanda june",Comedy,4,7,10,10,11,0.0,1971,R,09 Dec 1971,105 min,,6.1,248,tt0067180,
151,i'll do anything,Comedy,0,2,2,11,11,0.0,1994,PG-13,04 Feb 1994,115 min,,5.5,"2,389",tt0110097,
152,in the loop,Comedy,2,2,0,150,26,0.0,2009,Not Rated,04 Sep 2009,106 min,83.0,7.4,"53,087",tt1226774,"$2,251,324"
153,good will hunting,Comedy,13,4,7,93,28,0.0,1997,R,09 Jan 1998,126 min,70.0,8.3,"829,889",tt0119217,
154,"good girl, the",Comedy,3,0,3,4,4,,,,,,,,,,
155,game 6,Comedy,0,1,0,0,2,0.0,2005,R,01 Jan 2005,87 min,56.0,5.8,"2,422",tt0425055,
156,five easy pieces,Drama,6,3,10,1,13,0.0,1970,R,12 Sep 1970,98 min,85.0,7.5,"32,018",tt0065724,
157,foxcatcher,Drama,1,1,0,7,4,0.0,2014,R,16 Jan 2015,134 min,81.0,7.0,"131,194",tt1100089,"$9,744,477"
158,frances,Drama,2,5,15,8,4,0.0,1982,R,11 Mar 1983,140 min,48.0,7.4,"6,605",tt0083967,
159,funny people,Comedy,9,4,1,101,54,0.0,2009,R,31 Jul 2009,146 min,60.0,6.3,"112,695",tt1201167,"$51,814,190"
160,ghost world,Comedy,9,7,1,28,6,0.0,2001,R,21 Sep 2001,111 min,88.0,7.3,"110,999",tt0162346,"$4,694,484"
161,flight,Drama,10,4,6,61,27,0.0,2012,R,02 Nov 2012,138 min,76.0,7.3,"317,748",tt1907668,"$89,400,000"
162,ferris bueller's day off,Comedy,19,1,4,0,29,0.0,1986,PG-13,11 Jun 1986,103 min,61.0,7.8,"309,550",tt0091042,
163,fletch,Comedy,0,0,0,0,0,0.0,1985,PG,31 May 1985,98 min,68.0,6.9,"46,314",tt0089155,
164,elizabeth: the golden age,Drama,0,1,0,0,0,0.0,2007,PG-13,12 Oct 2007,114 min,45.0,6.8,"64,844",tt0414055,"$16,264,475"
165,"doors, the",Drama,13,0,4,95,25,,,,,,,,,,
166,"fighter, the",Drama,9,2,1,51,20,,,,,,,,,,
167,four rooms,Comedy,10,4,4,85,14,0.0,1995,R,25 Dec 1995,98 min,,6.8,"95,749",tt0113101,
168,forrest gump,Comedy,8,7,17,5,11,0.0,1994,PG-13,06 Jul 1994,142 min,82.0,8.8,"1,737,186",tt0109830,"$330,000,000"
169,drop dead gorgeous,Comedy,19,10,18,9,10,0.0,1999,PG-13,23 Jul 1999,97 min,28.0,6.6,"31,682",tt0157503,
170,ed tv,Comedy,23,1,0,2,7,,,,,,,,,,
171,fear and loathing in las vegas,Comedy,4,7,48,44,33,0.0,1998,R,22 May 1998,118 min,41.0,7.6,"252,866",tt0120669,
172,ed wood,Comedy,5,3,9,11,9,0.0,1994,R,07 Oct 1994,127 min,70.0,7.8,"162,206",tt0109707,
173,election,Comedy,2,3,1,10,2,0.0,1999,R,07 May 1999,103 min,83.0,7.2,"87,166",tt0126886,
174,fast times at ridgemont high,Comedy,2,4,0,19,10,0.0,1982,R,13 Aug 1982,90 min,61.0,7.2,"89,930",tt0083929,
175,erin brockovich,Comedy,12,5,31,33,35,0.0,2000,R,17 Mar 2000,131 min,73.0,7.3,"169,051",tt0195685,
176,"elephant man, the",Drama,0,0,2,0,0,,,,,,,,,,
177,do the right thing,Comedy,11,2,6,62,25,0.0,1989,R,21 Jul 1989,120 min,93.0,7.9,"83,609",tt0097216,
178,custody,Comedy,3,2,0,3,3,0.0,2017,,07 Feb 2018,93 min,83.0,7.5,"7,590",tt6002232,
179,"distinguished gentleman, the",Comedy,20,3,10,12,24,,,,,,,,,,
180,dave barry's complete guide to guys,Comedy,2,0,0,0,10,,,,,,,,,,
181,death at a funeral,Comedy,5,0,19,3,22,0.0,2007,R,07 Sep 2007,90 min,67.0,7.4,"106,835",tt0795368,
182,code of silence,Drama,13,3,6,26,16,0.0,1985,R,03 May 1985,101 min,64.0,6.1,"6,624",tt0088936,
183,dear white people,Drama,9,11,9,37,19,0.0,2014,R,04 Dec 2014,108 min,79.0,6.1,"23,926",tt2235108,
184,"devil wears prada, the",Comedy,8,0,2,0,3,,,,,,,,,,
185,"descendants, the",Comedy,1,4,7,25,13,,,,,,,,,,
186,creation,Drama,0,0,3,0,3,0.0,2009,PG-13,25 Sep 2009,108 min,51.0,6.7,"13,626",tt0974014,"$300,000"
187,"damned united, the",Drama,0,0,0,57,0,,,,,,,,,,
188,"day the clown cried, the",Drama,2,0,7,0,0,,,,,,,,,,
189,dallas buyers club,Drama,12,4,9,58,37,0.0,2013,R,22 Nov 2013,117 min,80.0,8.0,"426,639",tt0790636,"$23,750,994"
190,dead poets society,Drama,1,0,6,0,3,0.0,1989,PG,09 Jun 1989,128 min,79.0,8.1,"407,143",tt0097165,
191,diner,Comedy,4,3,1,4,5,0.0,1982,R,21 May 1982,110 min,82.0,7.1,"18,111",tt0083833,
192,days of heaven,Drama,0,0,0,0,0,0.0,1978,PG,06 Oct 1978,94 min,93.0,7.8,"50,241",tt0077405,
193,cobb,Drama,16,9,38,40,24,0.0,1994,R,02 Dec 1994,128 min,66.0,6.4,"6,890",tt0109450,
194,bridesmaids,Comedy,7,5,2,6,19,0.0,2011,R,13 May 2011,125 min,75.0,6.8,"261,565",tt1478338,"$166,500,000"
195,charlie's angels,Comedy,11,6,7,2,8,0.0,2000,PG-13,03 Nov 2000,98 min,52.0,5.5,"172,273",tt0160127,"$124,420,707"
196,city of joy,Drama,2,0,13,0,0,0.0,1992,PG-13,17 Apr 1992,132 min,,6.5,"4,526",tt0103976,
197,cedar rapids,Comedy,8,1,8,38,34,0.0,2011,R,18 Mar 2011,87 min,70.0,6.2,"35,674",tt1477837,"$6,800,000"
198,"cincinnati kid, the",Drama,1,3,6,0,0,,,,,,,,,,
199,"change-up, the",Comedy,6,5,0,130,35,,,,,,,,,,
200,clerks,Comedy,12,10,8,80,38,0.0,1994,R,09 Nov 1994,92 min,70.0,7.7,"208,478",tt0109445,
201,tall in the saddle,Western,0,0,0,0,0,0.0,1944,Approved,29 Sep 1944,87 min,,7.0,"2,719",tt0037343,
202,bean,Comedy,4,1,11,0,1,0.0,1997,PG-13,07 Nov 1997,89 min,52.0,6.5,"94,780",tt0118689,
203,candle to water,Drama,0,11,2,75,15,0.0,2012,,01 Nov 2012,110 min,,4.6,17,tt2387411,
204,"breakfast club, the",Drama,8,8,5,26,24,,,,,,,,,,
205,bringing out the dead,Drama,4,1,4,11,10,0.0,1999,R,22 Oct 1999,121 min,70.0,6.8,"62,055",tt0163988,
206,boogie nights,Drama,18,3,3,98,25,0.0,1997,R,31 Oct 1997,155 min,85.0,7.9,"231,876",tt0118749,
207,bonfire of the vanities,Drama,8,7,4,31,19,,,,,,,,,,
208,break,Drama,0,0,0,0,0,0.0,2019,,14 Feb 2019,85 min,,4.4,"1,078",tt9805504,
209,breaking away,Drama,1,0,15,0,3,0.0,1979,PG,20 Jul 1979,101 min,91.0,7.7,"21,018",tt0078902,
210,authors anonymous,Comedy,1,0,6,0,3,0.0,2014,PG-13,18 Mar 2014,92 min,16.0,4.3,"1,974",tt2114461,
211,boyhood,Drama,13,8,8,41,22,0.0,2014,R,15 Aug 2014,165 min,100.0,7.9,"328,711",tt1065073,"$18,859,617"
212,bachelor party,Comedy,12,3,3,2,21,0.0,1984,R,29 Jun 1984,105 min,56.0,6.3,"34,617",tt0086927,
213,austin powers - the spy who shagged me,Comedy,12,1,3,0,5,,,,,,,,,,
214,"blind side, the",Drama,11,5,2,0,0,,,,,,,,,,
215,black snake moan,Drama,10,6,12,29,42,0.0,2006,R,02 Mar 2007,116 min,52.0,6.9,"59,991",tt0462200,"$9,262,318"
216,bad teacher,Comedy,7,3,2,23,10,0.0,2011,R,24 Jun 2011,92 min,47.0,5.6,"188,694",tt1284575,"$100,292,856"
217,bad boys,Comedy,21,4,6,64,30,0.0,1995,R,07 Apr 1995,119 min,41.0,6.9,"233,204",tt0112442,
218,all about steve,Comedy,9,0,2,1,2,0.0,2009,PG-13,04 Sep 2009,99 min,17.0,4.8,"39,062",tt0881891,"$33,806,061"
219,austin powers - international man of mystery,Comedy,2,0,4,0,1,,,,,,,,,,
220,after school special,Comedy,9,0,6,2,14,0.0,2017,TV-MA,27 Jun 2017,78 min,,2.3,214,tt3291632,
221,american milkshake,Comedy,10,0,9,26,22,0.0,2013,R,20 Jan 2013,83 min,30.0,4.8,309,tt2254364,
222,"apartment, the",Comedy,0,0,2,0,0,,,,,,,,,,
223,arthur,Comedy,5,2,1,8,15,0.0,2011,PG-13,08 Apr 2011,110 min,36.0,5.7,"50,207",tt1334512,"$29,200,000"
224,american pie,Comedy,6,0,9,33,29,0.0,1999,R,09 Jul 1999,95 min,58.0,7.0,"367,618",tt0163651,
225,tombstone,Western,4,5,27,1,1,0.0,1993,R,25 Dec 1993,130 min,50.0,7.8,"122,147",tt0108358,
226,12,Comedy,0,0,0,0,0,0.0,2007,PG-13,20 Sep 2007,159 min,72.0,7.7,"13,680",tt0488478,
227,true grit,Western,1,3,9,0,0,0.0,2010,PG-13,22 Dec 2010,110 min,80.0,7.6,"301,962",tt1403865,"$171,031,347"
228,a serious man,Comedy,4,0,0,17,6,0.0,2009,R,06 Nov 2009,106 min,83.0,7.0,"129,672",tt1019452,"$9,190,525"
229,ace ventura: pet detective,Comedy,0,0,0,0,0,0.0,1994,PG-13,04 Feb 1994,86 min,37.0,6.9,"270,197",tt0109040,
230,bamboozled,Drama,13,3,12,1,1,0.0,2000,R,20 Oct 2000,135 min,50.0,6.5,"9,814",tt0215545,"$1,883,628"
231,being there,Drama,6,3,6,1,3,0.0,1979,PG,08 Feb 1980,130 min,83.0,8.0,"63,525",tt0078841,
232,basquiat,Drama,2,0,3,21,13,0.0,1996,R,09 Aug 1996,107 min,65.0,6.9,"18,958",tt0115632,
233,"bachelor party, the",Drama,0,0,0,0,0,,,,,,,,,,
234,awakenings,Drama,0,0,0,0,0,0.0,1990,PG-13,11 Jan 1991,121 min,74.0,7.8,"119,327",tt0099077,
235,anna karenina,Drama,0,0,3,0,0,0.0,2012,R,07 Sep 2012,129 min,63.0,6.6,"89,166",tt1781769,"$12,802,907"
236,"anniversary party, the",Drama,2,3,13,65,18,,,,,,,,,,
237,american splendor,Drama,6,2,9,3,18,0.0,2003,R,12 Sep 2003,101 min,90.0,7.4,"46,666",tt0305206,"$5,977,550"
238,an education,Drama,1,0,0,0,0,0.0,2009,PG-13,05 Feb 2010,100 min,85.0,7.3,"126,214",tt1174732,"$12,512,069"
239,august: osage county,Drama,12,5,32,38,25,0.0,2013,R,10 Jan 2014,121 min,58.0,7.2,"82,453",tt1322269,"$29,202,643"
240,"believer, the",Drama,7,0,1,36,15,,,,,,,,,,
241,american sniper,Drama,20,3,3,60,28,0.0,2014,R,16 Jan 2015,133 min,72.0,7.3,"426,179",tt2179136,"$274,377,268"
242,american madness,Drama,0,0,0,0,0,0.0,1932,Passed,15 Aug 1932,75 min,,7.4,"1,739",tt0022626,
243,american graffiti,Drama,7,11,8,0,11,0.0,1973,PG,11 Aug 1973,110 min,97.0,7.4,"79,136",tt0069704,
244,at first sight,Drama,0,0,0,0,0,0.0,1999,PG-13,15 Jan 1999,128 min,40.0,6.0,"12,687",tt0132512,
245,beloved,Drama,0,1,8,0,1,0.0,1998,R,16 Oct 1998,172 min,57.0,6.0,"6,937",tt0120603,
246,american beauty,Drama,7,2,3,21,10,0.0,1999,R,01 Oct 1999,122 min,84.0,8.3,"1,041,670",tt0169547,
247,"best exotic marigold hotel, the",Drama,0,0,0,2,0,,,,,,,,,,
248,amelia,Drama,2,0,5,1,1,0.0,2009,PG,23 Oct 2009,111 min,37.0,5.8,"11,770",tt1129445,"$14,195,118"
249,wild wild west,Western,9,0,11,1,5,0.0,1999,PG-13,30 Jun 1999,106 min,38.0,4.9,"150,148",tt0120891,
250,"wild bunch, the",Western,4,4,27,0,0,,,,,,,,,,
251,all about eve,Drama,0,0,1,0,0,0.0,1950,Passed,27 Oct 1950,138 min,98.0,8.2,"116,403",tt0042192,
252,all the king's men,Drama,0,0,0,0,0,0.0,2006,PG-13,22 Sep 2006,128 min,37.0,6.2,"23,302",tt0405676,
253,12 years a slave,Drama,0,1,25,1,0,0.0,2013,R,08 Nov 2013,134 min,96.0,8.1,"617,390",tt2024544,"$50,628,650"
254,ali,Drama,3,0,6,11,2,0.0,2001,R,25 Dec 2001,157 min,65.0,6.8,"91,630",tt0248667,"$58,183,966"
255,50-50,Drama,4,2,2,26,15,0.0,2011,,,15 min,,6.1,34,tt1833204,
256,amadeus,Drama,0,0,3,2,6,0.0,1984,R,19 Sep 1984,160 min,88.0,8.3,"357,893",tt0086879,
257,187,Drama,10,11,11,37,27,,,,,,,,,,
258,42,Drama,1,3,8,0,3,0.0,2013,PG-13,12 Apr 2013,128 min,62.0,7.5,"81,222",tt0453562,"$95,001,343"
259,walking tall,Thriller,3,1,0,1,1,0.0,2004,PG-13,02 Apr 2004,86 min,44.0,6.3,"69,155",tt0351977,"$45,860,039"
260,affliction,Drama,8,11,22,53,17,0.0,1997,R,19 Feb 1999,114 min,79.0,7.0,"14,661",tt0118564,
261,12 and holding,Drama,9,2,3,10,10,0.0,2005,R,07 Jul 2006,94 min,65.0,7.5,"6,623",tt0417385,
262,very bad things,Thriller,8,2,6,66,11,0.0,1998,R,25 Nov 1998,100 min,31.0,6.4,"44,249",tt0124198,
263,adaptation,Drama,7,1,11,39,15,,,,,,,,,,
264,zero dark thirty,Thriller,4,1,1,45,7,0.0,2012,R,11 Jan 2013,157 min,95.0,7.4,"264,319",tt1790885,"$95,720,716"
265,wild things,Crime,9,6,4,22,27,0.0,1998,R,20 Mar 1998,108 min,52.0,6.5,"105,203",tt0120890,
266,wall street,Crime,7,10,10,3,6,0.0,1987,R,11 Dec 1987,126 min,56.0,7.4,"139,830",tt0094291,
267,we own the night,Crime,5,1,5,65,15,0.0,2007,R,12 Oct 2007,117 min,59.0,6.8,"83,351",tt0498399,"$27,600,000"
268,wanted,Crime,10,5,17,23,14,0.0,2008,R,27 Jun 2008,110 min,64.0,6.7,"353,077",tt0493464,"$134,294,280"
269,while she was out,Crime,12,12,4,5,12,0.0,2008,R,26 Mar 2009,86 min,40.0,4.8,"6,285",tt0887971,
270,"wolf of wall street, the",Crime,13,5,5,180,36,,,,,,,,,,
271,"whistleblower, the",Thriller,2,1,1,20,7,,,,,,,,,,
272,ticker,Crime,1,2,2,15,11,0.0,2001,R,23 Jun 2001,92 min,,3.6,"6,489",tt0196158,
273,traffic,Crime,1,0,3,48,17,0.0,2000,R,05 Jan 2001,147 min,86.0,7.6,"192,068",tt0181865,"$123,836,420"
274,phone booth,Thriller,9,6,8,49,19,0.0,2002,R,04 Apr 2003,81 min,56.0,7.0,"246,069",tt0183649,"$46,524,362"
275,shifty,Thriller,0,0,0,176,14,0.0,2008,Unrated,24 Apr 2009,85 min,,6.5,"2,826",tt1104126,
276,single white female,Thriller,1,3,1,6,4,0.0,1992,R,14 Aug 1992,107 min,63.0,6.4,"31,211",tt0105414,
277,spare me,Thriller,2,1,0,15,3,0.0,1994,,03 Sep 1994,,,6.7,27,tt0108200,
278,"siege, the",Thriller,7,2,4,20,10,,,,,,,,,,
279,"taking of pelham one two three, the",Crime,8,8,4,19,19,,,,,,,,,,
280,taxi driver,Crime,5,2,11,23,8,0.0,1976,R,09 Feb 1976,114 min,94.0,8.3,"695,384",tt0075314,
281,year one,Adventure,9,0,2,1,5,0.0,2009,PG-13,19 Jun 2009,97 min,34.0,4.9,"90,154",tt1045778,"$43,337,279"
282,white squall,Adventure,1,7,8,6,9,0.0,1996,PG-13,02 Feb 1996,129 min,53.0,6.6,"20,658",tt0118158,
283,"way back, the",Adventure,0,0,5,2,3,,,,,,,,,,
284,xxx,Adventure,11,6,8,0,19,0.0,2002,PG-13,09 Aug 2002,124 min,48.0,5.9,"171,012",tt0295701,"$141,134,092"
285,tomorrow never dies,Adventure,1,0,7,0,0,0.0,1997,PG-13,19 Dec 1997,119 min,52.0,6.5,"176,993",tt0120347,
286,"world is not enough, the",Adventure,1,0,1,0,0,,,,,,,,,,
287,war for the planet of the apes,Adventure,0,0,0,1,1,0.0,2017,PG-13,14 Jul 2017,140 min,82.0,7.4,"220,013",tt3450958,"$146,872,826"
288,thunderbirds,Adventure,1,0,2,0,0,0.0,2004,PG,30 Jul 2004,95 min,36.0,4.2,"12,891",tt0167456,"$6,768,055"
289,thelma & louise,Crime,15,6,38,18,44,0.0,1991,R,24 May 1991,130 min,88.0,7.5,"131,689",tt0103074,
290,someone to watch over me,Crime,12,1,8,34,9,0.0,1987,R,09 Oct 1987,106 min,55.0,6.1,"9,057",tt0094008,
291,thor ragnarok,Adventure,6,1,2,0,3,,,,,,,,,,
292,wild hogs,Adventure,20,8,9,0,12,0.0,2007,PG-13,02 Mar 2007,100 min,27.0,5.8,"112,516",tt0486946,"$168,213,584"
293,"sting, the",Crime,2,1,10,3,2,,,,,,,,,,
294,snatch,Crime,1,0,0,155,9,0.0,2000,R,19 Jan 2001,102 min,55.0,8.3,"760,412",tt0208092,"$30,093,107"
295,spartan,Crime,1,6,0,32,2,0.0,2004,R,12 Mar 2004,106 min,60.0,6.5,"28,734",tt0360009,"$4,291,858"
296,shallow grave,Crime,0,0,0,5,1,0.0,1994,R,10 Feb 1995,89 min,67.0,7.3,"55,486",tt0111149,
297,sicario,Crime,4,1,2,32,9,0.0,2015,R,02 Oct 2015,121 min,82.0,7.6,"356,809",tt3397884,
298,rush hour,Crime,17,3,23,40,28,0.0,1998,PG-13,18 Sep 1998,98 min,60.0,7.0,"232,877",tt0120812,
299,reservoir dogs,Crime,31,10,13,200,67,0.0,1992,R,02 Sep 1992,99 min,79.0,8.3,"888,475",tt0105236,
300,rush hour 2,Crime,16,1,7,0,24,0.0,2001,PG-13,03 Aug 2001,90 min,48.0,6.6,"194,706",tt0266915,
301,"salton sea, the",Crime,17,4,5,40,19,,,,,,,,,,
302,ronin,Crime,7,6,13,35,12,0.0,1998,R,25 Sep 1998,122 min,67.0,7.3,"168,282",tt0122690,
303,rocknrolla,Crime,0,0,0,55,11,0.0,2008,R,31 Oct 2008,114 min,53.0,7.3,"229,434",tt1032755,"$5,665,302"
304,reindeer games,Crime,3,2,26,61,14,0.0,2000,R,25 Feb 2000,104 min,37.0,5.8,"36,767",tt0184858,
305,smokin' aces,Crime,17,10,13,65,53,0.0,2006,R,26 Jan 2007,108 min,45.0,6.7,"135,631",tt0475394,"$35,600,000"
306,scarface,Crime,6,1,3,42,14,0.0,1983,R,09 Dec 1983,170 min,65.0,8.3,"711,819",tt0086250,"$656,161"
307,pineapple express,Crime,11,5,2,194,61,0.0,2008,R,06 Aug 2008,111 min,64.0,6.9,"308,770",tt0910936,
308,panic room,Thriller,5,0,5,30,12,0.0,2002,R,29 Mar 2002,112 min,65.0,6.8,"250,791",tt0258000,"$95,308,367"
309,observe and report,Crime,18,10,34,87,46,0.0,2009,R,10 Apr 2009,86 min,54.0,5.8,"59,971",tt1197628,"$23,993,605"
310,mini's first time,Crime,2,8,7,25,9,0.0,2006,R,09 Aug 2007,91 min,45.0,5.8,"7,915",tt0425253,"$21,828"
311,only god forgives,Thriller,0,1,0,28,2,0.0,2013,R,22 May 2013,90 min,37.0,5.7,"105,083",tt1602613,"$700,000"
312,ocean's eleven,Thriller,1,2,7,7,14,0.0,2001,PG-13,07 Dec 2001,116 min,74.0,7.7,"500,741",tt0240772,"$183,349,128"
313,public enemies,Crime,2,5,11,3,3,0.0,2009,R,01 Jul 2009,140 min,70.0,7.0,"275,023",tt1152836,"$97,000,000"
314,"perfect world, a",Crime,9,3,13,2,12,,,,,,,,,,
315,ocean's twelve,Thriller,1,1,6,1,4,0.0,2004,PG-13,10 Dec 2004,125 min,58.0,6.5,"349,441",tt0349903,"$125,402,117"
316,obsessed,Thriller,7,4,6,8,3,0.0,2009,PG-13,24 Apr 2009,108 min,25.0,5.0,"28,685",tt1198138,"$68,261,644"
317,nurse betty,Thriller,12,4,32,45,30,0.0,2000,R,08 Sep 2000,110 min,69.0,6.1,"32,505",tt0171580,
318,pulp fiction,Crime,41,13,22,169,72,0.0,1994,R,14 Oct 1994,154 min,94.0,8.9,"1,764,981",tt0110912,
319,ninja assassin,Thriller,1,1,3,29,6,0.0,2009,R,25 Nov 2009,99 min,34.0,6.3,"66,929",tt1186367,"$38,105,077"
320,nick of time,Thriller,3,5,4,22,8,0.0,1995,R,22 Nov 1995,90 min,,6.3,"37,916",tt0113972,
321,no country for old men,Thriller,5,2,9,2,1,0.0,2007,R,21 Nov 2007,122 min,91.0,8.1,"823,136",tt0477348,"$74,223,625"
322,mr brooks,Thriller,10,1,2,29,4,,,,,,,,,,
323,martha marcy may marlene,Thriller,4,0,1,14,5,0.0,2011,R,21 Dec 2011,102 min,75.0,6.9,"47,560",tt1441326,"$2,981,038"
324,margin call,Thriller,2,0,3,67,11,0.0,2011,R,29 Sep 2011,107 min,76.0,7.1,"112,802",tt1615147,"$600,000"
325,machete,Thriller,10,12,11,50,14,0.0,2010,R,03 Sep 2010,105 min,60.0,6.6,"187,641",tt0985694,"$26,200,000"
326,snow white and the huntsman,Adventure,1,0,2,0,0,0.0,2012,PG-13,01 Jun 2012,127 min,57.0,6.1,"267,818",tt1735898,"$155,081,785"
327,metro,Thriller,5,5,6,45,27,0.0,1997,R,17 Jan 1997,117 min,,5.5,"25,096",tt0119664,
328,midnight express,Thriller,14,1,8,43,21,0.0,1978,R,06 Oct 1978,121 min,59.0,7.6,"71,083",tt0077928,
329,rambo: first blood ii: the mission,Adventure,4,4,7,12,8,,,,,,,,,,
330,point break,Adventure,14,4,15,54,31,0.0,1991,R,12 Jul 1991,122 min,58.0,7.3,"150,813",tt0102685,
331,miller's crossing,Thriller,1,16,23,1,2,0.0,1990,R,05 Oct 1990,115 min,66.0,7.7,"123,096",tt0100150,
332,"road, the",Adventure,5,1,4,3,1,,,,,,,,,,
333,pirates of the caribbean,Adventure,0,0,5,0,0,,,,,,,,,,
334,robin hood: prince of thieves,Adventure,2,1,19,0,0,0.0,1991,PG-13,14 Jun 1991,143 min,51.0,6.9,"173,748",tt0102798,
335,master and commander,Adventure,0,0,8,0,0,,,,,,,,,,
336,mission impossible,Adventure,5,4,6,1,1,,,,,,,,,,
337,"revenant, the",Adventure,4,3,6,1,9,,,,,,,,,,
338,"man who knew too much, the",Adventure,0,0,1,0,0,,,,,,,,,,
339,man in the iron mask,Adventure,0,0,0,0,2,,,,,,,,,,
340,o brother where art thou?,Adventure,3,10,41,0,0,,,,,,,,,,
341,"secret life of walter mitty, the",Adventure,2,0,2,18,8,,,,,,,,,,
342,sideways,Adventure,6,2,6,80,16,0.0,2004,R,21 Jan 2005,127 min,94.0,7.5,"175,791",tt0375063,"$71,444,367"
343,machine gun preacher,Crime,1,4,6,28,13,0.0,2011,R,02 Nov 2011,129 min,43.0,6.8,"61,962",tt1586752,"$400,000"
344,made,Crime,22,3,10,126,85,0.0,2001,R,31 Aug 2001,95 min,62.0,6.4,"16,911",tt0227005,"$3,673,981"
345,max payne,Crime,2,2,1,0,7,0.0,2008,PG-13,17 Oct 2008,100 min,31.0,5.4,"120,508",tt0467197,"$40,632,110"
346,"man who wasn't there, the",Crime,2,6,26,0,0,,,,,,,,,,
347,"mechanic, the",Crime,3,5,6,10,7,,,,,,,,,,
348,miami vice,Crime,4,2,1,23,10,0.0,2006,R,28 Jul 2006,132 min,65.0,6.0,"107,576",tt0430357,"$63,400,000"
349,man on fire,Crime,6,0,3,19,6,0.0,2004,R,23 Apr 2004,146 min,47.0,7.7,"321,537",tt0328107,"$77,600,000"
350,mean streets,Crime,0,2,3,11,12,0.0,1973,R,14 Oct 1973,112 min,96.0,7.3,"95,563",tt0070379,
351,"limey, the",Crime,6,1,0,33,12,,,,,,,,,,
352,"lock, stock and two smoking barrels",Thriller,0,0,0,85,16,0.0,1998,R,28 Aug 1998,107 min,66.0,8.2,"520,258",tt0120735,
353,jackie brown,Crime,52,8,14,109,64,0.0,1997,R,25 Dec 1997,154 min,64.0,7.5,"306,026",tt0119396,
354,"king of comedy, the",Crime,1,0,3,0,2,,,,,,,,,,
355,"ladykillers, the",Crime,21,7,17,73,19,,,,,,,,,,
356,les tontons flingueurs,Crime,0,0,0,0,0,,,,,,,,,,
357,"lincoln lawyer, the",Thriller,4,6,2,13,23,,,,,,,,,,
358,law abiding citizen,Thriller,15,5,8,43,32,0.0,2009,R,16 Oct 2009,109 min,34.0,7.4,"264,575",tt1197624,"$73,343,413"
359,lord of war,Crime,2,0,2,54,3,0.0,2005,R,16 Sep 2005,122 min,62.0,7.6,"288,049",tt0399295,"$24,033,036"
360,"kingdom, the",Thriller,3,0,1,12,6,,,,,,,,,,
361,killing zoe,Thriller,10,5,7,82,21,0.0,1993,R,01 Sep 1994,96 min,,6.5,"19,391",tt0110265,
362,"last boy scout, the",Thriller,24,22,16,143,62,,,,,,,,,,
363,"life of david gale, the",Thriller,0,0,6,32,12,,,,,,,,,,
364,"long kiss goodnight, the",Thriller,16,13,13,97,20,,,,,,,,,,
365,john wick,Thriller,2,1,1,36,9,0.0,2014,R,24 Oct 2014,101 min,68.0,7.4,"514,375",tt2911666,
366,joker,Thriller,10,0,0,36,15,0.0,2019,R,04 Oct 2019,122 min,59.0,8.5,"809,274",tt7286456,
367,into the woods,Adventure,0,0,0,0,0,0.0,2014,PG,25 Dec 2014,125 min,69.0,5.9,"128,879",tt2180411,"$89,789,227"
368,kill bill volume 1 & 2,Thriller,18,28,17,48,23,,,,,,,,,,
369,kalifornia,Thriller,7,7,9,22,14,0.0,1993,R,03 Sep 1993,117 min,49.0,6.7,"49,891",tt0107302,
370,jay and silent bob strike back,Adventure,38,40,6,202,84,0.0,2001,R,24 Aug 2001,104 min,51.0,6.8,"146,326",tt0261392,"$29,885,424"
371,"italian job, the",Adventure,4,2,4,7,16,,,,,,,,,,
372,hudson hawk,Crime,6,5,18,16,13,0.0,1991,R,24 May 1991,100 min,17.0,5.8,"50,686",tt0102070,
373,life of pi,Adventure,0,0,0,0,0,0.0,2012,PG,21 Nov 2012,127 min,79.0,7.9,"566,900",tt0454876,"$103,500,000"
374,into the wild,Adventure,4,0,2,4,7,0.0,2007,R,19 Oct 2007,148 min,73.0,8.1,"556,447",tt0758758,"$18,173,360"
375,jacob's ladder,Thriller,1,7,29,19,20,0.0,1990,R,02 Nov 1990,113 min,62.0,7.5,"95,662",tt0099871,
376,indiana jones and the last crusade,Adventure,0,0,5,0,0,0.0,1989,PG-13,24 May 1989,127 min,65.0,8.2,"671,347",tt0097576,
377,indiana jones and the raiders of the lost ark,Adventure,0,1,3,0,1,,,,,,,,,,
378,indiana jones and the temple of doom,Adventure,2,0,8,0,1,0.0,1984,PG,23 May 1984,118 min,57.0,7.6,"434,438",tt0087469,
379,in the bedroom,Crime,2,3,1,5,3,0.0,2001,R,08 Feb 2002,131 min,86.0,7.4,"36,572",tt0247425,"$35,733,119"
380,guardians of the galaxy vol 2,Adventure,5,1,9,0,4,,,,,,,,,,
381,henry's crime,Crime,0,2,7,12,11,0.0,2010,R,14 Jan 2011,108 min,49.0,6.0,"18,377",tt1220888,"$100,000"
382,"grifters, the",Crime,0,1,8,4,5,,,,,,,,,,
383,gran torino,Crime,8,20,36,31,18,0.0,2008,R,09 Jan 2009,116 min,72.0,8.1,"702,888",tt1205489,"$148,055,047"
384,horrible bosses,Crime,9,4,8,48,27,0.0,2011,R,08 Jul 2011,98 min,57.0,6.9,"413,492",tt1499658,"$116,900,000"
385,john q,Thriller,0,0,0,0,0,0.0,2002,PG-13,15 Feb 2002,116 min,30.0,7.1,"120,302",tt0251160,"$71,026,631"
386,indiana jones iv,Adventure,0,2,3,0,0,,,,,,,,,,
387,harold and kumar go to white castle,Adventure,42,3,1,53,66,,,,,,,,,,
388,gone in 60 seconds,Crime,15,3,15,9,33,0.0,2000,PG-13,09 Jun 2000,118 min,35.0,6.5,"255,572",tt0187078,"$100,978,700"
389,frozen river,Crime,3,4,2,5,8,0.0,2008,R,05 Sep 2008,97 min,82.0,7.1,"24,235",tt0978759,"$2,061,019"
390,death to smoochy,Crime,16,7,5,39,12,0.0,2002,R,29 Mar 2002,109 min,38.0,6.4,"38,056",tt0266452,"$8,308,230"
391,get shorty,Crime,0,0,0,0,0,0.0,1995,R,20 Oct 1995,105 min,82.0,6.9,"74,125",tt0113161,
392,godfather part ii,Crime,3,5,8,2,3,,,,,,,,,,
393,"insider, the",Thriller,4,0,4,34,11,,,,,,,,,,
394,drive,Crime,4,0,1,43,3,0.0,2011,R,16 Sep 2011,100 min,78.0,7.8,"552,974",tt0780504,"$34,300,000"
395,gangs of new york,Crime,0,2,21,0,1,0.0,2002,R,20 Dec 2002,167 min,72.0,7.5,"393,904",tt0217505,"$77,605,296"
396,insomnia,Thriller,6,4,4,21,13,0.0,2002,R,24 May 2002,118 min,78.0,7.2,"265,985",tt0278504,"$67,300,000"
397,go,Crime,14,6,2,61,34,0.0,1999,R,09 Apr 1999,102 min,72.0,7.2,"65,835",tt0139239,
398,gang related,Crime,16,4,25,103,47,0.0,1997,R,08 Oct 1997,111 min,,6.5,"7,732",tt0118900,
399,hostage,Thriller,19,2,15,73,25,0.0,2005,R,11 Mar 2005,113 min,44.0,6.6,"105,076",tt0340163,"$34,617,915"
400,heist,Thriller,2,3,2,33,5,0.0,2001,R,09 Nov 2001,109 min,66.0,6.5,"32,600",tt0252503,"$23,287,872"
401,heat,Thriller,8,5,2,44,8,0.0,1995,R,15 Dec 1995,170 min,76.0,8.2,"557,580",tt0113277,
402,"ghost and the darkness, the",Thriller,0,1,4,1,1,,,,,,,,,,
403,get carter,Thriller,0,4,0,2,5,0.0,2000,R,06 Oct 2000,102 min,24.0,5.2,"31,985",tt0208988,"$14,551,088"
404,"hurt locker, the",Thriller,1,1,7,34,17,,,,,,,,,,
405,godfather,Crime,1,6,4,0,0,0.0,1991,Not Rated,15 Nov 1991,150 min,,8.6,"2,644",tt0353496,
406,"hunt for red october, the",Thriller,3,0,6,3,1,,,,,,,,,,
407,hard rain,Thriller,3,3,11,3,15,0.0,1998,R,16 Jan 1998,97 min,36.0,5.9,"31,475",tt0120696,
408,"informant, the",Thriller,0,0,8,12,8,,,,,,,,,,
409,hackers,Thriller,4,1,1,1,24,0.0,1995,PG-13,15 Sep 1995,105 min,46.0,6.3,"64,073",tt0113243,
410,"getaway, the",Thriller,3,0,2,0,1,,,,,,,,,,
411,dumb and dumber,Adventure,6,5,14,6,13,0.0,1994,PG-13,16 Dec 1994,107 min,41.0,7.3,"345,069",tt0109686,
412,zootopia,Animation,0,0,0,0,0,0.0,2016,PG,04 Mar 2016,108 min,78.0,8.0,"416,353",tt2948356,"$341,264,012"
413,cast away,Adventure,1,5,26,20,15,0.0,2000,PG-13,22 Dec 2000,143 min,73.0,7.8,"506,438",tt0162222,
414,croupier,Crime,0,2,0,18,10,0.0,1998,Not Rated,28 Jul 2000,94 min,75.0,7.1,"17,887",tt0159382,
415,deadpool,Adventure,7,2,1,35,22,0.0,2016,R,12 Feb 2016,108 min,65.0,8.0,"874,155",tt1431045,"$328,674,489"
416,capote,Crime,0,0,2,2,0,0.0,2005,R,03 Feb 2006,114 min,88.0,7.3,"122,713",tt0379725,"$28,337,516"
417,crime spree,Crime,9,1,1,30,15,0.0,2003,R,16 Apr 2003,105 min,,6.5,"5,197",tt0310924,
418,colombiana,Crime,6,8,0,13,8,0.0,2011,PG-13,26 Aug 2011,108 min,45.0,6.4,"91,834",tt1657507,"$36,665,854"
419,catch me if you can,Crime,0,2,11,7,9,0.0,2002,PG-13,25 Dec 2002,141 min,75.0,8.1,"790,873",tt0264464,"$164,400,000"
420,catwoman,Crime,0,0,0,0,0,0.0,2004,PG-13,23 Jul 2004,104 min,27.0,3.4,"108,332",tt0327554,"$40,200,000"
421,confessions of a dangerous mind,Crime,14,2,6,65,15,0.0,2002,R,24 Jan 2003,113 min,67.0,7.0,"81,717",tt0270288,
422,black rain,Crime,8,2,4,1,9,0.0,1989,R,22 Sep 1989,125 min,56.0,6.7,"47,914",tt0096933,
423,casino,Crime,18,9,16,439,56,0.0,1995,R,22 Nov 1995,178 min,73.0,8.2,"448,054",tt0112641,
424,confidence,Crime,15,4,2,52,29,0.0,2003,R,25 Apr 2003,97 min,59.0,6.7,"32,866",tt0310910,"$12,148,629"
425,blackkklansman,Crime,8,7,11,33,18,0.0,2018,R,10 Aug 2018,135 min,83.0,7.5,"198,998",tt7349662,
426,bottle rocket,Crime,3,2,5,36,25,0.0,1996,R,21 Feb 1996,91 min,66.0,7.0,"68,099",tt0115734,
427,burn after reading,Crime,9,4,3,66,20,0.0,2008,R,12 Sep 2008,96 min,63.0,7.0,"301,770",tt0887883,"$60,338,891"
428,"bling ring, the",Crime,1,5,0,28,8,,,,,,,,,,
429,blow,Crime,5,3,2,91,24,0.0,2001,R,06 Apr 2001,124 min,52.0,7.6,"235,080",tt0221027,
430,big eyes,Crime,2,2,1,1,3,0.0,2014,PG-13,25 Dec 2014,106 min,62.0,7.0,"82,916",tt1126590,"$8,021,168"
431,"big white, the",Crime,3,2,2,21,7,,,,,,,,,,
432,bad santa,Crime,24,8,3,137,44,0.0,2003,R,26 Nov 2003,92 min,70.0,7.0,"131,454",tt0307987,
433,"french connection, the",Thriller,13,7,2,3,12,,,,,,,,,,
434,frequency,Thriller,6,0,5,19,6,0.0,2000,PG-13,28 Apr 2000,118 min,67.0,7.3,"98,713",tt0186151,
435,frozen,Thriller,13,1,3,25,32,0.0,2013,PG,27 Nov 2013,102 min,75.0,7.4,"556,379",tt2294629,"$400,736,600"
436,fracture,Thriller,3,2,3,2,6,0.0,2007,R,20 Apr 2007,113 min,68.0,7.2,"181,277",tt0488120,"$39,000,000"
437,fargo,Thriller,1,1,13,41,4,0.0,1996,R,05 Apr 1996,98 min,85.0,8.1,"595,812",tt0116282,
438,fight club,Thriller,7,5,3,37,12,0.0,1999,R,15 Oct 1999,139 min,66.0,8.8,"1,790,247",tt0137523,
439,face off,Thriller,4,2,7,15,8,0.0,2011–,TV-PG,26 Jan 2011,44 min,,8.2,"5,969",tt1663641,
440,entrapment,Thriller,7,2,0,13,12,0.0,1999,PG-13,30 Apr 1999,113 min,54.0,6.3,"104,322",tt0137494,
441,fatal instinct,Thriller,1,2,7,0,3,0.0,1993,PG-13,29 Oct 1993,91 min,,5.8,"6,623",tt0106873,
442,dog day afternoon,Thriller,4,4,14,42,26,0.0,1975,R,25 Dec 1975,125 min,86.0,8.0,"229,397",tt0072890,
443,enough,Thriller,5,2,1,3,4,0.0,2002,PG-13,24 May 2002,115 min,25.0,5.8,"38,277",tt0278435,"$39,177,215"
444,fair game,Thriller,2,1,0,22,6,0.0,2010,PG-13,03 Dec 2010,108 min,69.0,6.8,"45,694",tt0977855,"$9,528,092"
445,disturbia,Thriller,12,2,6,2,28,0.0,2007,PG-13,13 Apr 2007,105 min,62.0,6.8,"215,909",tt0486822,"$80,050,171"
446,die hard 2,Thriller,22,4,24,44,17,0.0,1990,R,03 Jul 1990,124 min,67.0,7.2,"327,312",tt0099423,
447,die hard,Thriller,16,3,18,27,19,0.0,1988,R,20 Jul 1988,132 min,72.0,8.2,"763,300",tt0095016,
448,deep cover,Thriller,10,7,4,53,26,0.0,1992,R,15 Apr 1992,107 min,,6.9,"8,392",tt0104073,
449,"dry white season, a",Thriller,0,0,4,3,7,,,,,,,,,,
450,"dark knight rises, the",Thriller,4,4,1,0,0,,,,,,,,,,
451,enemy of the state,Thriller,5,0,4,32,11,0.0,1998,R,20 Nov 1998,132 min,67.0,7.3,"222,054",tt0120660,
452,"debt, the",Thriller,1,0,0,26,3,,,,,,,,,,
453,donnie brasco,Thriller,9,2,2,210,13,0.0,1997,R,28 Feb 1997,127 min,76.0,7.7,"268,559",tt0119008,
454,wonder woman,Fantasy,0,0,0,0,0,0.0,2017,PG-13,02 Jun 2017,141 min,76.0,7.4,"531,221",tt0451279,"$412,400,625"
455,"departed, the",Thriller,10,2,2,194,22,,,,,,,,,,
456,unbreakable,Fantasy,3,1,2,1,4,0.0,2000,PG-13,22 Nov 2000,106 min,62.0,7.3,"377,826",tt0217869,"$95,000,000"
457,willow,Fantasy,0,0,0,0,0,0.0,1988,PG,20 May 1988,126 min,47.0,7.3,"98,271",tt0096446,
458,pirates of the caribbean: dead man's chest,Fantasy,1,0,1,0,0,0.0,2006,PG-13,07 Jul 2006,151 min,53.0,7.3,"640,351",tt0383574,"$423,032,628"
459,"seventh seal, the",Fantasy,0,1,7,0,0,,,,,,,,,,
460,ted,Fantasy,18,1,1,73,45,0.0,2012,R,29 Jun 2012,106 min,62.0,6.9,"559,475",tt1637725,"$218,100,000"
461,pleasantville,Fantasy,0,1,3,1,2,0.0,1998,PG-13,23 Oct 1998,124 min,71.0,7.5,"119,048",tt0120789,
462,scott pilgrim vs the world,Fantasy,21,8,1,12,3,,,,,,,,,,
463,thor,Fantasy,1,0,2,0,0,0.0,2011,PG-13,06 May 2011,115 min,57.0,7.0,"725,928",tt0800369,"$181,015,141"
464,star wars: the force awakens,Fantasy,0,0,2,0,0,,,,,,,,,,
465,apollo 13,Adventure,0,0,0,0,0,0.0,1995,PG,30 Jun 1995,140 min,77.0,7.6,"259,692",tt0112384,
466,lord of the rings: return of the king,Fantasy,0,0,0,0,0,,,,,,,,,,
467,who framed roger rabbit?,Family,1,2,6,0,1,,,,,,,,,,
468,30 minutes or less,Adventure,17,13,10,182,65,0.0,2011,R,12 Aug 2011,83 min,49.0,6.1,"91,732",tt1622547,"$37,100,000"
469,"avengers, the",Adventure,0,0,2,1,0,,,,,,,,,,
470,1492: conquest of paradise,Adventure,2,0,3,1,1,0.0,1992.0,PG-13,09 Oct 1992,154 min,47.0,6.5,"27,491",tt0103594,
471,three men and a baby,Family,30,9,29,11,39,0.0,1987,PG,25 Nov 1987,102 min,61.0,6.0,"46,024",tt0094137,
472,you've got mail,Romance,1,1,2,4,5,0.0,1998,PG,18 Dec 1998,119 min,57.0,6.6,"188,515",tt0128853,
473,youth in revolt,Romance,7,0,5,5,5,0.0,2009,R,08 Jan 2010,90 min,63.0,6.4,"71,723",tt0403702,"$15,150,933"
474,"sandlot kids, the",Family,2,5,5,2,4,,,,,,,,,,
475,speed racer,Family,6,0,1,0,0,0.0,2008,PG,09 May 2008,135 min,37.0,6.0,"67,391",tt0811080,"$43,929,341"
476,zerophilia,Romance,8,3,7,15,5,0.0,2005,,13 Oct 2006,90 min,41.0,6.2,"2,176",tt0421090,
477,lord of the rings: the two towers,Fantasy,0,0,0,0,0,,,,,,,,,,
478,mystery men,Fantasy,1,2,3,0,0,0.0,1999,PG-13,06 Aug 1999,121 min,65.0,6.1,"60,815",tt0132347,
479,yes man,Romance,2,3,2,2,10,0.0,2008,PG-13,19 Dec 2008,104 min,46.0,6.8,"327,362",tt1068680,"$97,600,000"
480,wild at heart,Romance,7,4,9,38,20,0.0,1990,R,17 Aug 1990,125 min,52.0,7.2,"80,227",tt0100935,
481,witness,Romance,1,2,6,3,6,0.0,1985,R,08 Feb 1985,112 min,76.0,7.4,"83,584",tt0090329,
482,water for elephants,Romance,3,1,9,1,7,0.0,2011,PG-13,22 Apr 2011,120 min,52.0,6.9,"109,237",tt1067583,"$58,700,247"
483,"visitor, the",Romance,0,0,1,1,2,,,,,,,,,,
484,true romance,Romance,0,0,0,0,0,0.0,1993,R,10 Sep 1993,119 min,59.0,7.9,"199,873",tt0108399,
485,"ugly truth, the",Romance,7,3,1,13,9,,,,,,,,,,
486,up in the air,Romance,8,0,0,28,10,0.0,2009,R,23 Dec 2009,109 min,83.0,7.4,"312,450",tt1193138,"$83,775,048"
487,tristan and isolde,Romance,0,0,0,0,0,0.0,1981,,15 Jan 1982,84 min,,6.6,71,tt0089146,
488,true lies,Romance,2,14,10,3,17,0.0,1994,R,15 Jul 1994,141 min,63.0,7.2,"231,028",tt0111503,
489,twilight,Romance,1,0,0,0,0,0.0,2008,PG-13,21 Nov 2008,122 min,56.0,5.2,"412,755",tt1099212,"$191,449,475"
490,"theory of everything, the",Romance,0,0,1,0,0,,,,,,,,,,
491,"walk to remember, a",Romance,1,0,0,0,5,,,,,,,,,,
492,tamara drewe,Romance,2,2,3,42,15,0.0,2010,R,10 Sep 2010,107 min,64.0,6.2,"20,168",tt1486190,"$560,101"
493,there's something about mary,Romance,9,6,6,60,29,0.0,1998,R,15 Jul 1998,119 min,69.0,7.1,"284,946",tt0129387,
494,"stuntman, the",Romance,25,15,40,24,15,,,,,,,,,,
495,st. elmo's fire,Romance,3,1,5,12,16,0.0,1985,R,28 Jun 1985,110 min,35.0,6.4,"34,515",tt0090060,
496,spanglish,Romance,3,0,10,3,2,0.0,2004,PG-13,17 Dec 2004,131 min,48.0,6.4,"76,974",tt0371246,"$42,044,321"
497,titanic,Romance,1,2,17,2,10,0.0,1997,PG-13,19 Dec 1997,194 min,75.0,7.8,"1,015,018",tt0120338,
498,something's gotta give,Romance,5,2,2,7,5,0.0,2003,PG-13,12 Dec 2003,128 min,66.0,6.7,"109,002",tt0337741,"$121,400,000"
499,"three musketeers, the",Romance,0,0,3,0,0,,,,,,,,,,
500,tin cup,Romance,23,2,14,15,25,0.0,1996,R,16 Aug 1996,135 min,60.0,6.4,"45,017",tt0117918,
501,sleepless in seattle,Romance,0,0,0,2,2,0.0,1993,PG,25 Jun 1993,105 min,72.0,6.8,"153,813",tt0108160,
502,"sessions, the",Romance,2,1,2,3,5,,,,,,,,,,
503,so i married an axe murderer,Romance,9,4,2,2,7,0.0,1993,PG-13,30 Jul 1993,93 min,,6.4,"32,534",tt0108174,
504,"shipping news, the",Romance,3,3,2,4,4,,,,,,,,,,
505,slumdog millionaire,Romance,0,0,1,2,11,0.0,2008,R,25 Dec 2008,120 min,84.0,8.0,"781,199",tt1010048,"$141,243,551"
506,silver linings playbook,Romance,4,0,5,75,24,0.0,2012,R,25 Dec 2012,122 min,81.0,7.7,"647,342",tt1045658,"$132,088,910"
507,shakespeare in love,Romance,0,0,2,0,1,0.0,1998,R,08 Jan 1999,123 min,87.0,7.1,"209,610",tt0138097,
508,"saint, the",Romance,0,0,0,0,0,,,,,,,,,,
509,sex and the city,Romance,4,1,1,7,6,0.0,2008,R,30 May 2008,145 min,53.0,5.6,"113,892",tt1000774,"$152,595,674"
510,she's out of my league,Romance,12,7,7,45,39,0.0,2010,R,12 Mar 2010,104 min,46.0,6.4,"123,849",tt0815236,"$28,712,974"
511,sense and sensibility,Romance,0,1,0,0,0,0.0,1995,PG,26 Jan 1996,136 min,84.0,7.6,"98,350",tt0114388,
512,save the last dance,Romance,26,12,9,32,56,0.0,2001,PG-13,12 Jan 2001,112 min,53.0,6.2,"55,963",tt0206275,
513,x-men,Sci-Fi,1,0,1,0,0,0.0,2000,PG-13,14 Jul 2000,104 min,64.0,7.4,"559,246",tt0120903,"$156,164,829"
514,war of the worlds,Sci-Fi,2,0,3,0,6,0.0,2005,PG-13,29 Jun 2005,116 min,73.0,6.5,"405,645",tt0407304,"$234,141,872"
515,tron: legacy,Sci-Fi,0,0,2,0,0,0.0,2010,PG,17 Dec 2010,125 min,49.0,6.8,"307,359",tt1104001,"$172,051,787"
516,twins,Sci-Fi,3,1,4,1,19,0.0,1988,PG,09 Dec 1988,107 min,53.0,6.1,"109,641",tt0096320,
517,v for vendetta,Sci-Fi,1,1,11,8,2,0.0,2005,R,17 Mar 2006,132 min,62.0,8.2,"1,002,654",tt0434409,"$70,500,000"
518,virtuosity,Sci-Fi,8,8,2,7,7,0.0,1995,R,04 Aug 1995,106 min,39.0,5.6,"27,248",tt0114857,
519,"truman show, the",Sci-Fi,0,1,5,10,3,,,,,,,,,,
520,"x-files: fight the future, the",Sci-Fi,3,0,2,1,4,,,,,,,,,,
521,watchmen,Sci-Fi,3,3,12,0,6,0.0,2009,R,06 Mar 2009,162 min,56.0,7.6,"487,586",tt0409459,"$107,453,620"
522,x-men origins: wolverine,Sci-Fi,2,1,6,0,0,0.0,2009,PG-13,01 May 2009,107 min,40.0,6.6,"457,050",tt0458525,"$179,737,340"
523,tron,Sci-Fi,0,0,2,0,0,0.0,1982,PG,09 Jul 1982,96 min,58.0,6.8,"110,680",tt0084827,
524,surrogates,Sci-Fi,7,2,8,0,2,0.0,2009,PG-13,25 Sep 2009,89 min,45.0,6.3,"167,007",tt0986263,"$38,542,418"
525,terminator 2: judgement day,Sci-Fi,3,3,12,20,16,,,,,,,,,,
526,total recall,Sci-Fi,0,1,0,2,4,0.0,1990,R,01 Jun 1990,113 min,57.0,7.5,"291,951",tt0100802,"$119,000,000"
527,terminator salvation,Sci-Fi,3,1,7,2,6,0.0,2009,PG-13,21 May 2009,115 min,49.0,6.5,"337,037",tt0438488,"$125,286,889"
528,terminator,Sci-Fi,3,1,4,9,4,0.0,1991,,,39 min,,6.1,27,tt5817168,
529,"time machine, the",Sci-Fi,0,0,1,0,0,,,,,,,,,,
530,starship troopers,Sci-Fi,2,3,0,0,0,0.0,1997,R,07 Nov 1997,129 min,51.0,7.2,"261,834",tt0120201,
531,supergirl,Sci-Fi,1,1,0,0,0,0.0,2015–,TV-PG,26 Oct 2015,43 min,,6.3,"106,927",tt4016454,
532,shrek the third,Animation,0,0,0,0,0,0.0,2007,PG,18 May 2007,93 min,58.0,6.1,"272,550",tt0413267,"$320,706,665"
533,toy story,Animation,0,0,0,0,0,0.0,1995,G,22 Nov 1995,81 min,95.0,8.3,"857,038",tt0114709,
534,transformers: the movie,Animation,0,0,2,0,0,,,,,,,,,,
535,wall-e,Animation,0,0,0,0,0,,,,,,,,,,
536,shrek,Animation,2,0,2,0,0,0.0,2001,PG,18 May 2001,90 min,84.0,7.8,"596,311",tt0126029,"$266,982,666"
537,tmnt,Animation,4,0,0,0,0,0.0,2007,PG,23 Mar 2007,103 min,41.0,6.2,"60,242",tt0453556,"$54,132,596"
538,up,Animation,0,0,0,0,0,0.0,2009,PG,29 May 2009,96 min,88.0,8.2,"904,824",tt1049413,"$292,979,556"
539,rise of the guardians,Animation,0,0,0,0,0,0.0,2012,PG,21 Nov 2012,97 min,58.0,7.3,"152,477",tt1446192,"$98,800,000"
540,"rescuers down under, the",Animation,0,0,0,0,0,,,,,,,,,,
541,how to train your dragon,Animation,0,0,0,0,0,0.0,2010,PG,26 Mar 2010,98 min,75.0,8.1,"647,266",tt0892769,"$216,900,000"
542,how to train your dragon 2,Animation,0,0,0,0,0,0.0,2014,PG,13 Jun 2014,102 min,76.0,7.8,"296,202",tt1646971,"$147,065,544"
543,paranorman,Animation,0,0,3,0,0,0.0,2012,PG,17 Aug 2012,92 min,72.0,7.0,"91,243",tt1623288,"$55,994,557"
544,monkeybone,Animation,11,1,6,0,7,0.0,2001,PG-13,23 Feb 2001,93 min,40.0,4.7,"16,394",tt0166276,"$4,942,155"
545,"lego movie, the",Animation,2,0,0,0,0,,,,,,,,,,
546,"croods, the",Animation,0,0,0,0,0,,,,,,,,,,
547,beavis and butt-head do america,Animation,14,1,13,0,0,0.0,1996,PG-13,20 Dec 1996,81 min,64.0,6.8,"50,067",tt0115641,
548,despicable me 2,Animation,0,0,0,0,0,0.0,2013,PG,03 Jul 2013,98 min,62.0,7.3,"360,967",tt1690953,"$368,049,635"
549,frozen (disney),Animation,0,0,0,0,0,,,,,,,,,,
550,"boxtrolls, the",Animation,0,0,0,0,0,,,,,,,,,,
551,cars 2,Animation,0,0,0,0,0,0.0,2011,G,24 Jun 2011,106 min,57.0,6.1,"152,890",tt1216475,"$191,450,875"
552,coco,Animation,0,0,0,0,0,0.0,2017,PG,22 Nov 2017,105 min,81.0,8.4,"343,940",tt2380307,"$208,487,719"
553,american gangster,Crime,3,1,5,79,10,0.0,2007,R,02 Nov 2007,157 min,76.0,7.8,"381,260",tt0765429,"$130,127,620"
554,a scanner darkly,Crime,5,0,6,70,29,0.0,2006,R,28 Jul 2006,100 min,73.0,7.1,"104,320",tt0405296,"$5,281,537"
555,american hustle,Crime,2,4,5,99,32,0.0,2013,R,20 Dec 2013,138 min,90.0,7.2,"437,260",tt1800241,"$99,165,609"
556,analyze this,Crime,8,2,7,56,22,0.0,1999,R,05 Mar 1999,103 min,61.0,6.7,"143,019",tt0122933,
557,bad lieutenant,Crime,5,2,3,68,21,0.0,1992,NC-17,17 Dec 1992,96 min,70.0,7.1,"37,481",tt0103759,
558,analyze that,Crime,8,3,2,74,24,0.0,2002,R,06 Dec 2002,96 min,37.0,5.9,"81,023",tt0289848,"$32,070,920"
559,arsenic and old lace,Crime,0,0,0,0,0,0.0,1944,Not Rated,23 Sep 1944,118 min,,8.0,"63,845",tt0036613,
560,bad country,Crime,7,3,10,83,21,0.0,2014,R,29 Apr 2014,95 min,,5.8,"7,866",tt2350892,
561,collateral damage,Thriller,8,6,4,12,13,0.0,2002,R,08 Feb 2002,108 min,33.0,5.5,"70,795",tt0233469,"$39,965,988"
562,commando,Thriller,5,0,0,7,7,0.0,1985,R,04 Oct 1985,90 min,51.0,6.7,"142,224",tt0088944,
563,cradle 2 the grave,Thriller,9,5,0,34,21,0.0,2003,R,28 Feb 2003,101 min,36.0,5.8,"40,632",tt0306685,"$34,600,000"
564,crank,Thriller,24,14,5,36,41,0.0,2006,R,01 Sep 2006,88 min,57.0,6.9,"230,012",tt0479884,"$27,800,000"
565,44 inch chest,Crime,0,4,1,179,7,0.0,2009,R,15 Jan 2010,95 min,47.0,5.8,"6,420",tt0914837,
566,collateral,Thriller,0,0,0,0,0,0.0,2004,R,06 Aug 2004,120 min,71.0,7.5,"349,490",tt0369339,"$100,003,492"
567,25th hour,Crime,0,0,0,0,0,0.0,2002,R,10 Jan 2003,135 min,67.0,7.6,"166,545",tt0307901,
568,a prayer before dawn,Crime,4,0,0,29,4,0.0,2017,R,10 Aug 2018,116 min,76.0,6.9,"18,806",tt4080956,
569,a most violent year,Crime,1,0,1,29,10,0.0,2014,R,30 Jan 2015,125 min,79.0,7.0,"64,487",tt2937898,
570,cable guy,Thriller,5,3,6,0,4,,,,,,,,,,
571,broken arrow,Thriller,5,1,5,2,8,0.0,1996,R,09 Feb 1996,108 min,61.0,6.0,"88,924",tt0115759,
572,breakdown,Thriller,8,10,5,24,9,0.0,1997,R,02 May 1997,93 min,73.0,6.9,"47,264",tt0118771,
573,bound,Thriller,7,6,4,90,28,0.0,1996,R,04 Oct 1996,109 min,61.0,7.3,"49,122",tt0115736,
574,cecil b. demented,Thriller,11,3,2,32,3,0.0,2000,R,01 Sep 2000,87 min,57.0,6.2,"12,999",tt0173716,
575,chaos,Thriller,2,6,2,9,20,0.0,2005,R,15 Dec 2005,106 min,,6.5,"50,400",tt0402910,
576,cliffhanger,Thriller,2,3,5,21,6,0.0,1993,R,28 May 1993,113 min,60.0,6.4,"116,698",tt0106582,
577,liar liar,Fantasy,3,1,5,0,6,0.0,1997,PG-13,21 Mar 1997,86 min,70.0,6.9,"273,714",tt0119528,
578,"jacket, the",Fantasy,0,0,4,18,10,,,,,,,,,,
579,blood and wine,Thriller,6,2,6,18,9,0.0,1996,R,21 Feb 1997,101 min,,6.0,"8,985",tt0115710,
580,blood simple,Thriller,8,0,5,7,4,0.0,1984,R,18 Jan 1985,99 min,81.0,7.6,"83,644",tt0086979,
581,"lord of the rings: fellowship of the ring, the",Fantasy,0,0,0,0,0,,,,,,,,,,
582,body heat,Thriller,2,0,4,5,6,0.0,1981,R,28 Aug 1981,113 min,77.0,7.4,"29,409",tt0082089,
583,ghost rider,Fantasy,10,2,5,47,9,0.0,2007,PG-13,16 Feb 2007,110 min,35.0,5.2,"218,752",tt0259324,"$115,802,596"
584,erik the viking,Fantasy,0,0,0,0,0,0.0,1989,PG-13,22 Sep 1989,107 min,,6.3,"12,609",tt0097289,
585,boondock saints 2: all saints day,Thriller,20,7,4,115,55,,,,,,,,,,
586,"boondock saints, the",Thriller,26,5,2,171,51,,,,,,,,,,
587,drive angry,Fantasy,8,14,10,73,17,0.0,2011,R,25 Feb 2011,104 min,44.0,5.4,"92,929",tt1502404,"$10,706,786"
588,excalibur,Fantasy,0,0,0,0,0,0.0,1981,PG,10 Apr 1981,140 min,56.0,7.4,"55,818",tt0082348,
589,hancock,Fantasy,13,3,6,30,24,0.0,2008,PG-13,02 Jul 2008,92 min,49.0,6.4,"434,647",tt0448157,"$227,946,274"
590,"green mile, the",Fantasy,13,6,23,15,10,,,,,,,,,,
591,hellboy 2: the golden army,Fantasy,4,1,2,0,1,,,,,,,,,,
592,flash gordon,Fantasy,0,1,5,0,0,0.0,1980,PG,05 Dec 1980,111 min,58.0,6.5,"49,048",tt0080745,
593,highlander,Fantasy,2,2,1,0,2,0.0,1986,R,07 Mar 1986,116 min,24.0,7.1,"118,150",tt0091203,
594,pokemon: mewtwo returns,Family,0,0,0,0,0,,,,,,,,,,
595,"pacifier, the",Family,5,0,0,0,0,,,,,,,,,,
596,dragonslayer,Fantasy,0,0,4,0,0,0.0,1981,PG,26 Jun 1981,109 min,68.0,6.7,"14,523",tt0082288,
597,new york minute,Family,1,0,5,0,1,0.0,2004,PG,07 May 2004,91 min,33.0,5.0,"21,302",tt0363282,"$14,018,364"
598,happy feet,Family,1,0,0,0,1,0.0,2006,PG,17 Nov 2006,108 min,77.0,6.4,"165,838",tt0366548,"$197,800,000"
599,mighty morphin power rangers: the movie,Family,0,0,1,0,0,0.0,1995,PG,30 Jun 1995,95 min,40.0,5.2,"24,582",tt0113820,
600,mighty joe young,Family,3,0,5,0,0,0.0,1998,PG,25 Dec 1998,114 min,51.0,5.6,"26,935",tt0120751,
601,kung fu panda,Family,0,0,0,0,0,0.0,2008,PG,06 Jun 2008,92 min,74.0,7.5,"405,963",tt0441773,"$215,395,021"
602,"neverending story, the",Family,0,0,0,0,0,,,,,,,,,,
603,frankenweenie,Family,0,0,0,0,0,0.0,2012,PG,05 Oct 2012,87 min,74.0,6.9,"94,595",tt1142977,"$35,287,788"
604,fantastic mr fox,Family,0,0,0,0,0,,,,,,,,,,
605,rust and bone,Romance,4,3,1,20,13,0.0,2012,R,17 May 2012,120 min,73.0,7.5,"62,034",tt2053425,"$1,900,000"
606,dogma,Fantasy,20,15,6,66,57,0.0,1999,R,12 Nov 1999,130 min,62.0,7.3,"204,707",tt0120655,
607,"reader, the",Romance,0,0,0,0,0,,,,,,,,,,
608,field of dreams,Family,5,2,8,6,6,0.0,1989,PG,05 May 1989,107 min,57.0,7.5,"105,057",tt0097351,
609,finding nemo,Family,0,0,0,0,0,0.0,2003,G,30 May 2003,100 min,90.0,8.1,"920,858",tt0266543,"$380,529,370"
610,"flintstones, the",Family,2,1,2,0,0,,,,,,,,,,
611,remember me,Romance,13,2,2,3,10,0.0,2010,PG-13,12 Mar 2010,113 min,40.0,7.1,"134,448",tt1403981,"$18,242,661"
612,rushmore,Romance,0,0,0,0,0,0.0,1998,R,19 Feb 1999,93 min,86.0,7.7,"164,730",tt0128445,
613,revolutionary road,Romance,3,0,12,12,3,0.0,2008,R,23 Jan 2009,119 min,69.0,7.3,"190,055",tt0959337,"$22,877,808"
614,rocky,Romance,2,0,8,2,0,0.0,1976,PG,03 Dec 1976,120 min,70.0,8.1,"502,081",tt0075148,
615,romeo & juliet,Romance,0,0,0,0,0,0.0,1978,TV-14,03 Dec 1978,168 min,,6.8,340,tt0078176,
616,runaway bride,Romance,3,0,1,0,0,0.0,1999,PG,30 Jul 1999,116 min,39.0,5.5,"90,635",tt0163187,
617,"proposal, the",Romance,12,3,7,3,13,,,,,,,,,,
618,punch-drunk love,Romance,1,0,4,18,6,0.0,2002,R,01 Nov 2002,95 min,78.0,7.3,"142,544",tt0272338,"$17,800,000"
619,pretty woman,Romance,7,3,2,4,11,0.0,1990,R,23 Mar 1990,119 min,51.0,7.0,"278,631",tt0100405,
620,rachel getting married,Romance,5,0,1,10,7,0.0,2008,R,31 Oct 2008,113 min,82.0,6.7,"46,580",tt1084950,"$12,748,504"
621,"perks of being a wallflower, the",Romance,6,3,3,1,11,,,,,,,,,,
622,out of sight,Romance,15,0,3,51,42,0.0,1998,R,26 Jun 1998,123 min,85.0,7.0,"82,946",tt0120780,
623,"piano, the",Romance,1,0,4,0,3,,,,,,,,,,
624,platinum blonde,Romance,0,0,0,0,0,0.0,1931,Passed,31 Oct 1931,89 min,,6.9,"2,623",tt0022268,
625,"princess bride, the",Romance,0,0,0,0,0,,,,,,,,,,
626,pretty woman (final script),Romance,3,0,4,3,10,,,,,,,,,,
627,"next three days, the",Romance,2,1,0,0,2,,,,,,,,,,
628,no strings attached,Romance,7,5,1,29,13,0.0,2011,R,21 Jan 2011,108 min,50.0,6.2,"208,225",tt1411238,"$70,300,000"
629,never been kissed,Romance,0,0,0,0,0,0.0,1999,PG-13,09 Apr 1999,107 min,60.0,6.1,"81,213",tt0151738,
630,mrs. brown,Romance,0,0,1,0,3,,,,,,,,,,
631,my girl,Romance,0,0,2,0,3,0.0,1991,PG,27 Nov 1991,102 min,56.0,6.9,"70,013",tt0102492,
632,pride and prejudice,Romance,1,0,5,0,0,0.0,1995,TV-PG,14 Jan 1996,327 min,,8.8,"72,954",tt0112130,
633,my best friend's wedding,Romance,4,4,8,12,19,0.0,1997,PG-13,20 Jun 1997,105 min,50.0,6.3,"124,674",tt0119738,
634,notting hill,Romance,2,1,8,2,4,0.0,1999,PG-13,28 May 1999,124 min,68.0,7.1,"262,806",tt0125439,
635,moonstruck,Romance,0,2,2,0,2,0.0,1987,PG,15 Jan 1988,102 min,83.0,7.1,"47,598",tt0093565,
636,ninotchka,Romance,0,0,0,0,0,0.0,1939,Not Rated,23 Nov 1939,110 min,,7.9,"18,327",tt0031725,
637,natural born killers,Romance,20,11,8,46,30,0.0,1994,R,26 Aug 1994,118 min,74.0,7.3,"210,566",tt0110632,
638,"other boleyn girl, the",Romance,0,0,1,0,0,,,,,,,,,,
639,moonrise kingdom,Romance,0,0,5,0,1,0.0,2012,PG-13,29 Jun 2012,94 min,84.0,7.8,"309,299",tt1748122,"$45,507,865"
640,monte carlo,Romance,2,1,1,0,0,0.0,2011,PG,01 Jul 2011,109 min,43.0,5.8,"40,274",tt1067774,"$22,500,000"
641,marty,Romance,0,0,0,0,0,0.0,1955,Not Rated,10 Jun 1955,90 min,,7.7,"20,694",tt0048356,
642,"mask, the",Romance,3,5,2,1,5,,,,,,,,,,
643,midnight in paris,Romance,0,0,5,0,0,0.0,2011,PG-13,10 Jun 2011,94 min,81.0,7.7,"376,423",tt1605783,"$55,400,000"
644,marley & me,Romance,5,1,3,0,0,0.0,2008,PG,25 Dec 2008,115 min,53.0,7.1,"143,412",tt0822832,"$143,084,510"
645,man trouble,Romance,5,6,15,6,10,0.0,1992,PG-13,17 Jul 1992,100 min,,4.7,"2,825",tt0104804,
646,legend,Romance,2,0,3,0,1,0.0,2015,R,20 Nov 2015,132 min,55.0,6.9,"152,324",tt3569230,"$14,146,549"
647,love and basketball,Romance,26,3,14,8,15,,,,,,,,,,
648,starman,Sci-Fi,3,1,9,0,10,0.0,1984,PG,14 Dec 1984,115 min,70.0,7.0,"41,128",tt0088172,
649,last tango in paris,Romance,10,0,6,25,14,0.0,1972,NC-17,07 Feb 1973,129 min,77.0,7.0,"48,278",tt0070849,
650,star wars: the phantom menace,Sci-Fi,0,0,0,0,0,,,,,,,,,,
651,lost in translation,Romance,0,0,0,3,1,0.0,2003,R,03 Oct 2003,102 min,89.0,7.7,"398,514",tt0335266,"$44,566,004"
652,star wars: attack of the clones,Sci-Fi,1,0,2,0,0,,,,,,,,,,
653,leaving las vegas,Romance,4,0,1,38,3,0.0,1995,R,09 Feb 1996,111 min,82.0,7.5,"111,717",tt0113627,
654,star wars: return of the jedi,Sci-Fi,0,0,0,0,0,,,,,,,,,,
655,star wars: the empire strikes back,Sci-Fi,0,0,0,0,0,,,,,,,,,,
656,star wars: revenge of the sith,Sci-Fi,0,0,0,0,0,,,,,,,,,,
657,star trek: the motion picture,Sci-Fi,0,0,3,0,0,0.0,1979,G,08 Dec 1979,132 min,48.0,6.4,"79,288",tt0079945,
658,star trek: generations,Sci-Fi,0,0,0,0,0,0.0,1994,PG,18 Nov 1994,118 min,55.0,6.6,"74,325",tt0111280,
659,star trek: first contact,Sci-Fi,0,0,0,0,0,0.0,1996,PG-13,22 Nov 1996,111 min,71.0,7.6,"115,453",tt0117731,
660,"majestic, the (the bijou)",Romance,1,0,6,0,1,,,,,,,,,,
661,star wars: a new hope,Sci-Fi,0,0,2,0,0,,,,,,,,,,
662,star trek: nemesis,Sci-Fi,1,0,3,0,0,0.0,2002,PG-13,13 Dec 2002,116 min,51.0,6.4,"71,988",tt0253754,"$43,056,895"
663,monster's ball,Romance,0,0,0,0,0,0.0,2001,R,01 Mar 2002,111 min,69.0,7.0,"80,974",tt0285742,"$31,252,964"
664,star trek ii: the wrath of khan,Sci-Fi,0,0,0,0,0,0.0,1982,PG,04 Jun 1982,113 min,67.0,7.7,"110,150",tt0084726,
665,space milkshake,Sci-Fi,1,2,3,1,1,0.0,2012,Not Rated,15 Feb 2013,85 min,,6.0,"1,377",tt1954843,
666,star trek,Sci-Fi,5,0,16,29,6,0.0,2009,PG-13,08 May 2009,127 min,82.0,7.9,"569,689",tt0796366,"$257,704,099"
667,solaris,Sci-Fi,0,0,1,12,1,0.0,2002,PG-13,27 Nov 2002,99 min,65.0,6.2,"77,794",tt0307479,"$14,780,776"
668,serenity,Sci-Fi,4,0,3,1,2,0.0,2005,PG-13,30 Sep 2005,119 min,74.0,7.8,"278,632",tt0379786,"$25,335,935"
669,soldier,Sci-Fi,10,1,4,4,8,0.0,1998,R,23 Oct 1998,99 min,,6.0,"50,772",tt0120157,
670,sphere,Sci-Fi,1,1,13,18,20,0.0,1998,PG-13,13 Feb 1998,134 min,35.0,6.1,"97,311",tt0120184,
671,repo man,Sci-Fi,11,1,22,54,36,0.0,1984,R,02 Mar 1984,92 min,75.0,6.9,"32,672",tt0087995,
672,simone,Sci-Fi,0,3,5,0,2,0.0,2013,Not Rated,24 Jun 2013,72 min,,6.0,46,tt2916440,
673,rise of the planet of the apes,Sci-Fi,4,2,5,0,0,0.0,2011,PG-13,05 Aug 2011,105 min,68.0,7.6,"488,681",tt1318514,"$175,300,000"
674,spider-man,Sci-Fi,2,0,10,0,1,0.0,2002,PG-13,03 May 2002,121 min,73.0,7.3,"671,651",tt0145487,"$403,706,375"
675,"postman, the",Sci-Fi,6,1,19,2,7,,,,,,,,,,
676,"planet of the apes, the",Sci-Fi,0,0,3,0,0,,,,,,,,,,
677,red planet,Sci-Fi,0,0,0,0,0,0.0,2000,PG-13,10 Nov 2000,106 min,34.0,5.7,"54,131",tt0199753,
678,omega man,Sci-Fi,0,0,0,0,0,,,,,,,,,,
679,"beach, the",Thriller,0,0,0,0,0,,,,,,,,,,
680,oblivion,Sci-Fi,0,2,1,0,0,0.0,2013,PG-13,19 Apr 2013,124 min,54.0,7.0,"473,697",tt1483013,"$89,021,735"
681,return of the apes,Sci-Fi,0,0,0,8,8,,,,,,,,,,
682,paul,Sci-Fi,3,2,10,25,19,0.0,2011,R,18 Mar 2011,104 min,57.0,7.0,"229,607",tt1092026,"$37,371,385"
683,pi,Sci-Fi,1,0,9,10,5,0.0,1998,R,10 Jul 1998,84 min,72.0,7.4,"166,458",tt0138704,
684,passengers,Sci-Fi,0,1,0,0,0,0.0,2016,PG-13,21 Dec 2016,116 min,41.0,7.0,"336,522",tt1355644,"$100,014,092"
685,badlands,Thriller,1,4,3,0,0,0.0,1973,PG,05 Jan 1974,94 min,93.0,7.8,"63,169",tt0069762,
686,"assignment, the",Thriller,10,7,3,44,23,,,,,,,,,,
687,barton fink,Thriller,5,13,30,4,5,0.0,1991,R,21 Aug 1991,116 min,69.0,7.7,"109,491",tt0101410,
688,assassins,Thriller,5,5,5,64,31,0.0,1995,R,06 Oct 1995,132 min,,6.3,"75,979",tt0112401,
689,babel,Thriller,7,1,7,21,6,0.0,2006,R,10 Nov 2006,143 min,69.0,7.4,"283,859",tt0449467,"$34,237,104"
690,argo,Thriller,1,1,5,24,4,0.0,2012,R,12 Oct 2012,120 min,86.0,7.7,"559,601",tt1024648,"$136,019,448"
691,"american, the",Thriller,0,3,1,8,6,,,,,,,,,,
692,arbitrage,Thriller,4,1,5,61,5,0.0,2012,R,14 Sep 2012,107 min,73.0,6.6,"48,611",tt1764183,"$7,918,283"
693,"crow: city of angels, the",Fantasy,5,4,4,21,4,,,,,,,,,,
694,anonymous,Thriller,1,0,2,0,0,0.0,2011,PG-13,28 Oct 2011,130 min,50.0,6.9,"38,807",tt1521197,"$4,463,292"
695,apt pupil,Thriller,0,0,1,1,0,0.0,1998,R,23 Oct 1998,111 min,51.0,6.7,"35,097",tt0118636,
696,american history x,Thriller,25,11,8,161,54,0.0,1998,R,20 Nov 1998,119 min,62.0,8.5,"1,005,357",tt0120586,
697,arctic blue,Thriller,7,4,22,27,18,0.0,1993,R,,95 min,,5.1,782,tt0106303,
698,antitrust,Thriller,3,0,2,1,5,0.0,2001,PG-13,12 Jan 2001,108 min,31.0,6.1,"28,082",tt0218817,"$10,965,209"
699,coraline,Fantasy,0,0,0,0,0,0.0,2009,PG,06 Feb 2009,100 min,80.0,7.7,"189,288",tt0327597,"$75,169,351"
700,15 minutes,Thriller,4,0,3,28,16,0.0,2001.0,R,09 Mar 2001,120 min,34.0,6.1,"47,723",tt0179626,"$24,160,216"
701,127 hours,Thriller,3,0,1,18,6,0.0,2010.0,R,28 Jan 2011,94 min,82.0,7.6,"339,139",tt1542344,"$18,329,466"
702,48 hrs.,Thriller,33,8,28,26,53,0.0,1982,R,08 Dec 1982,96 min,71.0,6.9,"66,938",tt0083511,
703,air force one,Thriller,6,1,14,13,10,0.0,1997,R,25 Jul 1997,124 min,61.0,6.5,"175,705",tt0118571,
704,absolute power,Thriller,6,1,6,11,11,0.0,1997,R,14 Feb 1997,121 min,52.0,6.7,"49,030",tt0118548,
705,conan the barbarian,Fantasy,1,0,1,0,1,0.0,1982,R,14 May 1982,129 min,43.0,6.9,"134,342",tt0082198,
706,all the president's men,Thriller,1,1,19,25,15,0.0,1976,PG,09 Apr 1976,138 min,84.0,8.0,"98,744",tt0074119,
707,"chronicles of narnia: the lion, the witch and the wardrobe",Fantasy,0,0,0,0,0,,,,,,,,,,
708,clash of the titans,Fantasy,0,0,1,0,1,0.0,2010,PG-13,02 Apr 2010,106 min,39.0,5.8,"266,023",tt0800320,"$163,100,000"
709,christ complex,Fantasy,5,0,2,30,1,0.0,2012,NOT RATED,06 Oct 2012,76 min,,6.5,22,tt2416048,
710,beasts of the southern wild,Fantasy,6,0,5,1,3,0.0,2012,PG-13,05 Jul 2012,93 min,86.0,7.3,"79,506",tt2125435,"$12,784,397"
711,cirque du freak: the vampire's assistant,Fantasy,0,0,0,0,0,0.0,2009,PG-13,23 Oct 2009,109 min,43.0,5.8,"42,495",tt0450405,"$13,838,130"
712,being john malkovich,Fantasy,1,2,13,14,14,0.0,1999,R,03 Dec 1999,113 min,90.0,7.7,"301,611",tt0120601,
713,big,Fantasy,2,0,7,1,2,0.0,1988,PG,03 Jun 1988,104 min,73.0,7.3,"191,523",tt0094737,
714,being human,Fantasy,0,0,1,3,1,0.0,2011–2014,TV-14,17 Jan 2011,44 min,,7.5,"23,849",tt1595680,
715,big fish,Fantasy,3,3,3,0,4,0.0,2003,PG-13,09 Jan 2004,125 min,58.0,8.0,"406,074",tt0319061,"$66,257,002"
716,"butterfly effect, the",Fantasy,12,2,7,41,23,,,,,,,,,,
717,twilight: new moon,Horror,1,0,8,0,0,,,,,,,,,,
718,antz,Fantasy,1,0,2,0,0,0.0,1998,PG,02 Oct 1998,83 min,72.0,6.5,"143,658",tt0120587,
719,when a stranger calls,Horror,0,0,3,1,0,0.0,2006,PG-13,03 Feb 2006,87 min,27.0,5.1,"42,023",tt0455857,"$47,860,214"
720,batman,Fantasy,1,1,2,1,3,0.0,1989,PG-13,23 Jun 1989,126 min,69.0,7.5,"329,552",tt0096895,
721,wind chill,Horror,7,0,4,1,10,0.0,2007,R,03 Aug 2007,91 min,52.0,5.8,"21,423",tt0486051,
722,the rage: carrie 2,Horror,3,5,4,6,11,0.0,1999,R,12 Mar 1999,104 min,42.0,4.7,"15,199",tt0144814,
723,timber falls,Horror,5,5,6,34,7,0.0,2007,R,23 May 2008,100 min,,5.2,"5,721",tt0857295,
724,they,Horror,0,0,0,0,0,0.0,2002,PG-13,27 Nov 2002,89 min,31.0,4.8,"12,153",tt0283632,"$12,575,046"
725,batman 2,Fantasy,0,0,0,0,0,,,,,,,,,,
726,"thing, the",Horror,8,2,28,9,18,,,,,,,,,,
727,tremors,Horror,20,12,48,9,8,0.0,1990,PG-13,19 Jan 1990,96 min,65.0,7.1,"116,480",tt0100814,
728,taking lives,Horror,7,2,3,8,11,0.0,2004,R,19 Mar 2004,103 min,38.0,6.3,"78,540",tt0364045,"$32,634,479"
729,larry crowne,Romance,5,1,3,1,1,0.0,2011,PG-13,01 Jul 2011,98 min,41.0,6.1,"61,791",tt1583420,"$35,565,975"
730,last chance harvey,Romance,1,0,1,6,4,0.0,2008,PG-13,16 Jan 2009,93 min,57.0,6.6,"20,161",tt1046947,"$14,840,421"
731,kate & leopold,Romance,0,1,1,4,6,0.0,2001,PG-13,25 Dec 2001,118 min,44.0,6.4,"77,364",tt0035423,"$47,095,453"
732,kill your darlings,Romance,1,2,8,11,5,0.0,2013,R,19 Sep 2013,104 min,65.0,6.5,"34,380",tt1311071,"$679,958"
733,jane eyre,Romance,0,0,1,0,0,0.0,2011,PG-13,22 Apr 2011,120 min,76.0,7.3,"78,895",tt1229822,
734,jerry maguire,Romance,4,1,3,21,10,0.0,1996,R,13 Dec 1996,139 min,77.0,7.3,"234,615",tt0116695,
735,it's a wonderful life,Romance,0,0,0,0,0,0.0,1946,Passed,07 Jan 1947,130 min,89.0,8.6,"384,831",tt0038650,
736,it's complicated,Romance,3,1,0,0,1,0.0,2009,R,25 Dec 2009,120 min,57.0,6.5,"84,281",tt1230414,"$112,703,470"
737,juno,Romance,10,3,3,4,8,0.0,2007,PG-13,25 Dec 2007,96 min,81.0,7.4,"481,291",tt0467406,"$143,380,890"
738,labor of love,Romance,2,1,5,2,10,0.0,2020–,,21 May 2020,,,3.0,108,tt12237066,
739,how to lose friends & alienate people,Romance,5,4,0,28,9,0.0,2008,R,03 Oct 2008,110 min,35.0,6.4,"67,038",tt0455538,"$2,458,092"
740,i love you phillip morris,Romance,10,4,6,30,14,0.0,2009,R,07 Jan 2011,98 min,65.0,6.6,"90,006",tt1045772,"$2,026,852"
741,intolerable cruelty,Romance,12,2,6,2,6,0.0,2003,PG-13,10 Oct 2003,100 min,71.0,6.2,"89,079",tt0138524,"$35,096,190"
742,knocked up,Romance,22,6,3,121,53,0.0,2007,R,01 Jun 2007,129 min,85.0,6.9,"343,267",tt0478311,"$148,734,225"
743,"hudsucker proxy, the",Romance,1,0,3,0,0,,,,,,,,,,
744,hard to kill,Romance,7,11,1,18,12,0.0,1990,R,09 Feb 1990,96 min,41.0,5.8,"26,659",tt0099739,
745,inventing the abbotts,Romance,7,1,7,15,21,0.0,1997,R,04 Apr 1997,110 min,49.0,6.4,"11,311",tt0119381,
746,high fidelity,Romance,14,1,2,65,14,0.0,2000,R,31 Mar 2000,113 min,79.0,7.5,"164,661",tt0146882,
747,hannah and her sisters,Romance,1,0,2,1,0,0.0,1986,PG-13,14 Mar 1986,107 min,90.0,7.9,"64,792",tt0091167,
748,it happened one night,Romance,0,0,0,0,0,0.0,1934,Approved,22 Feb 1934,105 min,87.0,8.1,"90,473",tt0025316,
749,his girl friday,Romance,0,0,0,0,0,0.0,1940,Passed,18 Jan 1940,92 min,,7.9,"51,664",tt0032599,
750,"horse whisperer, the",Romance,1,0,4,1,8,,,,,,,,,,
751,he's just not that into you,Romance,10,0,0,1,21,0.0,2009,PG-13,06 Feb 2009,129 min,47.0,6.4,"158,297",tt1001508,"$93,800,000"
752,groundhog day,Romance,1,0,2,1,1,0.0,1993,PG,12 Feb 1993,101 min,72.0,8.0,"565,244",tt0107048,
753,hall pass,Romance,9,1,1,1,9,0.0,2011,R,25 Feb 2011,105 min,45.0,5.8,"117,950",tt0480687,"$45,045,037"
754,"fault in our stars, the",Romance,5,0,2,3,8,,,,,,,,,,
755,"graduate, the",Romance,0,0,5,0,0,,,,,,,,,,
756,"great gatsby, the",Romance,0,1,5,0,0,,,,,,,,,,
757,grosse point blank,Romance,3,0,6,22,3,,,,,,,,,,
758,ghost,Romance,3,2,14,5,5,0.0,1990,PG-13,13 Jul 1990,127 min,52.0,7.0,"190,146",tt0099653,
759,garden state,Romance,7,7,1,70,30,0.0,2004,R,20 Aug 2004,102 min,67.0,7.4,"204,465",tt0333766,"$26,706,668"
760,grand hotel,Romance,0,0,0,0,0,0.0,1932,Not Rated,11 Sep 1932,112 min,,7.4,"16,495",tt0022958,
761,easy a,Romance,10,5,1,41,11,0.0,2010,PG-13,17 Sep 2010,92 min,72.0,7.0,"348,160",tt1282140,"$58,401,464"
762,"english patient, the",Romance,0,1,0,9,0,,,,,,,,,,
763,date night,Romance,3,3,3,3,9,0.0,2010,PG-13,09 Apr 2010,88 min,56.0,6.3,"149,520",tt1279935,"$98,710,290"
764,"fabulous baker boys, the",Romance,5,0,15,27,9,,,,,,,,,,
765,"family man, the",Romance,2,2,17,1,6,,,,,,,,,,
766,megamind,Sci-Fi,7,2,3,0,6,0.0,2010,PG,05 Nov 2010,95 min,63.0,7.2,"221,105",tt1001526,"$148,244,405"
767,even cowgirls get the blues,Romance,2,3,1,3,8,0.0,1993,R,20 May 1994,95 min,28.0,4.4,"6,950",tt0106834,
768,"matrix, the",Sci-Fi,2,0,9,12,22,,,,,,,,,,
769,men in black 3,Sci-Fi,10,1,11,0,5,0.0,2012,PG-13,25 May 2012,106 min,58.0,6.8,"327,497",tt1409024,"$179,020,854"
770,extract,Romance,18,0,12,2,31,0.0,2009,R,04 Sep 2009,92 min,61.0,6.1,"43,911",tt1225822,"$10,642,511"
771,next,Sci-Fi,5,2,6,0,6,0.0,2007,PG-13,27 Apr 2007,96 min,42.0,6.2,"145,493",tt0435705,"$17,993,461"
772,men in black,Sci-Fi,4,1,12,0,10,0.0,1997,PG-13,02 Jul 1997,98 min,71.0,7.3,"503,621",tt0119654,
773,mission to mars,Sci-Fi,0,2,8,0,3,0.0,2000,PG,10 Mar 2000,114 min,34.0,5.7,"69,016",tt0183523,
774,edward scissorhands,Romance,0,0,4,0,1,0.0,1990,PG-13,14 Dec 1990,105 min,74.0,7.9,"434,782",tt0099487,
775,"matrix reloaded, the",Sci-Fi,9,0,2,30,21,,,,,,,,,,
776,mad max 2: the road warrior,Sci-Fi,0,0,0,0,0,0.0,1981,R,21 May 1982,96 min,77.0,7.6,"162,472",tt0082694,
777,"martian, the",Sci-Fi,3,0,6,3,10,,,,,,,,,,
778,looper,Sci-Fi,3,0,8,29,13,0.0,2012,R,28 Sep 2012,113 min,84.0,7.4,"522,483",tt1276104,"$66,305,045"
779,logan,Sci-Fi,11,1,4,35,19,0.0,2017,R,03 Mar 2017,137 min,77.0,8.1,"619,868",tt3315342,"$226,276,809"
780,judge dredd,Sci-Fi,10,2,6,6,3,0.0,1995,R,30 Jun 1995,96 min,,5.6,"107,979",tt0113492,
781,logan's run,Sci-Fi,0,0,5,0,0,0.0,1976,PG,23 Jun 1976,119 min,53.0,6.8,"50,342",tt0074812,
782,interstellar,Sci-Fi,2,1,2,0,0,0.0,2014,PG-13,07 Nov 2014,169 min,74.0,8.6,"1,424,440",tt0816692,"$158,737,441"
783,"island, the",Sci-Fi,4,0,1,20,4,,,,,,,,,,
784,i am number four,Sci-Fi,2,0,3,1,1,0.0,2011,PG-13,18 Feb 2011,111 min,36.0,6.1,"224,308",tt1464540,"$55,086,029"
785,lost in space,Sci-Fi,1,1,11,0,2,0.0,2018–,TV-PG,13 Apr 2018,60 min,,7.3,"69,373",tt5232792,
786,"i, robot",Sci-Fi,3,0,1,0,4,0.0,2004,PG-13,16 Jul 2004,115 min,59.0,7.1,"487,756",tt0343818,
787,"hitchhiker's guide to the galaxy, the",Sci-Fi,2,0,2,0,1,,,,,,,,,,
788,ghostbusters,Sci-Fi,0,0,0,0,0,0.0,1984,PG,08 Jun 1984,105 min,71.0,7.8,"344,050",tt0087332,
789,hot tub time machine,Sci-Fi,11,1,6,57,23,0.0,2010,R,26 Mar 2010,101 min,63.0,6.4,"159,298",tt1231587,"$48,925,682"
790,her,Sci-Fi,3,1,0,32,6,0.0,2013,R,10 Jan 2014,126 min,90.0,8.0,"518,386",tt1798709,"$17,901,029"
791,godzilla,Sci-Fi,0,1,11,0,2,0.0,2014,PG-13,16 May 2014,123 min,62.0,6.4,"368,029",tt0831387,"$172,962,996"
792,gravity,Sci-Fi,0,1,2,0,7,0.0,2013,PG-13,04 Oct 2013,91 min,96.0,7.7,"749,518",tt1454468,"$274,084,951"
793,ghostbusters 2,Sci-Fi,0,0,1,0,2,,,,,,,,,,
794,highlander: endgame,Sci-Fi,0,0,0,0,0,0.0,2000,R,01 Sep 2000,87 min,21.0,4.6,"19,029",tt0144964,
795,"incredibles, the",Sci-Fi,0,0,0,0,0,,,,,,,,,,
796,independence day,Sci-Fi,4,2,12,3,5,0.0,1996,PG-13,03 Jul 1996,145 min,59.0,7.0,"516,789",tt0116629,
797,gamer,Sci-Fi,12,6,12,33,36,0.0,2009,R,04 Sep 2009,95 min,27.0,5.8,"128,252",tt1034032,"$20,488,579"
798,sweet smell of success,Film-Noir,0,0,0,0,0,0.0,1957,Approved,04 Jul 1957,96 min,100.0,8.1,"26,523",tt0051036,
799,sunset blvd.,Film-Noir,0,0,0,0,0,0.0,1950,Passed,29 Sep 1950,110 min,,8.4,"193,512",tt0043014,
800,gattaca,Sci-Fi,0,1,6,2,1,0.0,1997,PG-13,24 Oct 1997,106 min,64.0,7.8,"274,114",tt0119177,
801,slither,Horror,4,3,15,25,18,0.0,2006,R,31 Mar 2006,95 min,69.0,6.4,"72,340",tt0439815,"$7,774,730"
802,shivers,Horror,0,0,1,0,0,0.0,1975,R,06 Jul 1976,87 min,58.0,6.5,"17,029",tt0073705,
803,silver bullet,Horror,5,1,8,8,14,0.0,1985,R,11 Oct 1985,95 min,26.0,6.4,"22,891",tt0090021,
804,"shining, the",Horror,1,3,3,10,0,,,,,,,,,,
805,signs,Horror,3,1,2,0,1,0.0,2002,PG-13,02 Aug 2002,106 min,59.0,6.7,"329,663",tt0286106,"$227,935,522"
806,"roommate, the",Horror,3,3,4,0,8,,,,,,,,,,
807,resident evil,Horror,8,3,7,16,29,0.0,2002,R,15 Mar 2002,100 min,33.0,6.7,"241,735",tt0120804,"$39,532,308"
808,scary movie 2,Horror,0,0,0,0,0,0.0,2001,R,04 Jul 2001,83 min,29.0,5.3,"146,030",tt0257106,
809,serial mom,Horror,2,3,8,9,4,0.0,1994,R,13 Apr 1994,95 min,64.0,6.8,"26,154",tt0111127,
810,silence of the lambs,Horror,2,5,7,11,8,0.0,2002–,,07 May 2002,,,7.8,11,tt2665218,
811,"ruins, the",Horror,0,1,0,24,5,,,,,,,,,,
812,strangers on a train,Film-Noir,0,0,0,0,0,0.0,1951,PG,30 Jun 1951,101 min,88.0,8.0,"119,936",tt0044079,
813,double indemnity,Film-Noir,0,0,0,0,0,0.0,1944,Passed,06 Jul 1944,107 min,95.0,8.3,"137,436",tt0036775,
814,psycho,Horror,0,0,0,0,0,0.0,1960,R,08 Sep 1960,109 min,97.0,8.5,"580,762",tt0054215,
815,priest,Horror,1,0,3,2,7,0.0,2011,PG-13,13 May 2011,87 min,41.0,5.7,"112,664",tt0822847,"$29,100,000"
816,"relic, the",Horror,3,1,10,0,12,,,,,,,,,,
817,queen of the damned,Horror,0,0,5,0,1,0.0,2002,R,22 Feb 2002,101 min,30.0,5.3,"51,416",tt0238546,"$31,000,000"
818,predator,Horror,3,4,7,15,12,0.0,1987,R,12 Jun 1987,107 min,45.0,7.8,"362,392",tt0093773,
819,pitch black,Horror,10,0,9,29,8,0.0,2000,R,18 Feb 2000,109 min,49.0,7.1,"221,297",tt0134847,
820,pet sematary ii,Horror,9,0,8,10,13,0.0,1992,R,28 Aug 1992,100 min,35.0,4.9,"18,777",tt0105128,
821,night time (the poltergeist treatment),Horror,0,0,1,0,1,,,,,,,,,,
822,orgy of the dead,Horror,0,0,3,0,0,0.0,1965,Unrated,01 Jun 1965,92 min,,2.9,"2,400",tt0054240,
823,pet sematary,Horror,3,2,8,2,10,0.0,1989,R,21 Apr 1989,103 min,38.0,6.6,"91,220",tt0098084,
824,pandorum,Horror,2,1,6,15,7,0.0,2009,R,25 Sep 2009,108 min,28.0,6.7,"141,282",tt1188729,"$10,261,085"
825,perfect creature,Horror,0,0,1,10,3,0.0,2006,R,18 Oct 2007,90 min,,5.4,"5,228",tt0403407,
826,nightbreed,Horror,5,0,12,24,19,0.0,1990,R,16 Feb 1990,102 min,40.0,6.6,"18,970",tt0100260,
827,peeping tom,Horror,0,1,0,0,0,0.0,1960,Not Rated,01 Dec 1961,101 min,,7.7,"29,733",tt0054167,
828,crazylove,Romance,1,2,3,10,1,0.0,2005,,,95 min,,6.3,361,tt0416658,
829,mute witness,Horror,0,0,3,2,5,0.0,1995,R,15 Sep 1995,95 min,,6.7,"5,168",tt0110604,
830,"mummy, the",Horror,17,1,7,0,7,,,,,,,,,,
831,"crouching tiger, hidden dragon",Romance,0,0,0,0,0,0.0,2000,PG-13,12 Jan 2001,120 min,94.0,7.8,"248,295",tt0190332,
832,cruel intentions,Romance,10,5,0,31,23,0.0,1999,R,05 Mar 1999,97 min,56.0,6.8,"175,410",tt0139134,
833,crying game,Romance,2,7,0,71,3,,,,,,,,,,
834,misery,Horror,0,4,2,8,4,0.0,1990,R,30 Nov 1990,107 min,75.0,7.8,"176,467",tt0100157,
835,"cooler, the",Romance,4,4,5,77,20,,,,,,,,,,
836,clueless,Romance,0,0,0,0,0,0.0,1995,PG-13,19 Jul 1995,97 min,68.0,6.8,"172,678",tt0112697,
837,cinema paradiso,Romance,6,0,7,8,1,0.0,1988,R,23 Feb 1990,155 min,80.0,8.5,"220,232",tt0095765,"$239,630"
838,"cider house rules, the",Romance,2,0,5,0,2,,,,,,,,,,
839,crash,Romance,0,1,0,2,0,0.0,2004,R,06 May 2005,112 min,66.0,7.8,"413,193",tt0375679,"$55,382,847"
840,"crazy, stupid, love",Romance,11,1,6,4,11,,,,,,,,,,
841,chasing amy,Romance,14,25,5,116,60,0.0,1997,R,18 Apr 1997,113 min,71.0,7.2,"130,082",tt0118842,
842,celeste & jesse forever,Romance,2,1,0,46,18,0.0,2012,R,24 Aug 2012,92 min,59.0,6.6,"28,381",tt1405365,"$3,094,687"
843,bruce almighty,Romance,9,0,3,1,1,0.0,2003,PG-13,23 May 2003,101 min,46.0,6.8,"363,773",tt0315327,"$242,589,580"
844,"brothers bloom, the",Romance,3,5,5,19,12,,,,,,,,,,
845,"bounty hunter, the",Romance,13,9,1,20,19,,,,,,,,,,
846,bonnie and clyde,Romance,2,3,20,1,0,0.0,1967,R,14 Aug 1967,111 min,86.0,7.8,"99,575",tt0061418,
847,burning annie,Romance,5,1,4,9,34,0.0,2004,,08 Mar 2003,95 min,38.0,5.6,257,tt0307879,
848,broadcast news,Romance,4,2,7,8,9,0.0,1987,R,25 Dec 1987,133 min,84.0,7.2,"26,026",tt0092699,
849,bull durham,Romance,16,4,30,29,27,0.0,1988,R,15 Jun 1988,108 min,73.0,7.1,"45,793",tt0094812,
850,broken embraces,Romance,2,3,2,8,2,0.0,2009,R,15 Jan 2010,127 min,76.0,7.2,"37,315",tt0913425,"$4,900,000"
851,"blast from the past, the",Romance,3,6,12,4,6,,,,,,,,,,
852,"bodies, rest & motion",Romance,3,0,0,19,19,0.0,1993,R,09 Apr 1993,95 min,,5.7,"2,137",tt0106447,
853,body of evidence,Romance,2,3,0,8,1,0.0,1992,R,15 Jan 1993,99 min,29.0,4.5,"13,732",tt0106453,
854,blue valentine,Romance,6,1,3,21,13,0.0,2010,R,28 Jan 2011,112 min,81.0,7.4,"179,610",tt1120985,"$9,600,000"
855,benny & joon,Romance,0,0,0,0,0,0.0,1993,PG,23 Apr 1993,98 min,57.0,7.2,"53,594",tt0106387,
856,birdman,Romance,17,3,5,78,33,0.0,1967–1987,TV-G,09 Sep 1967,30 min,,6.8,832,tt0061237,
857,birthday girl,Romance,1,0,0,14,1,0.0,2001,R,01 Feb 2002,93 min,51.0,6.1,"23,959",tt0188453,"$4,919,896"
858,bodyguard,Romance,5,3,3,25,6,0.0,2018–,TV-MA,26 Aug 2018,60 min,,8.1,"83,514",tt7493974,
859,beginners,Romance,1,0,0,6,0,0.0,2010,R,09 Jun 2011,105 min,81.0,7.2,"85,878",tt1532503,"$5,764,842"
860,belle,Romance,0,0,1,0,0,0.0,2013,PG,13 Jun 2014,100 min,64.0,7.3,"27,285",tt2404181,"$8,792,708"
861,"big blue, the",Romance,4,3,9,2,5,,,,,,,,,,
862,"big sick, the",Romance,5,1,1,56,14,,,,,,,,,,
863,"battle of shaker heights, the",Romance,2,2,5,19,7,,,,,,,,,,
864,"back-up plan, the",Romance,15,2,1,17,11,,,,,,,,,,
865,"artist, the",Romance,1,0,1,0,0,,,,,,,,,,
866,as good as it gets,Romance,4,3,2,5,4,0.0,1997,PG-13,25 Dec 1997,139 min,67.0,7.7,"268,254",tt0119822,
867,g.i. joe: the rise of cobra,Sci-Fi,11,2,5,0,4,0.0,2009,PG-13,07 Aug 2009,118 min,32.0,5.8,"196,262",tt1046173,"$150,167,630"
868,angel eyes,Romance,9,3,11,1,13,0.0,2001,R,18 May 2001,102 min,39.0,5.6,"22,124",tt0225071,
869,annie hall,Romance,2,0,1,0,1,0.0,1977,PG,20 Apr 1977,93 min,92.0,8.0,"246,741",tt0075686,
870,autumn in new york,Romance,4,2,8,1,5,0.0,2000,PG-13,11 Aug 2000,103 min,24.0,5.7,"24,293",tt0174480,
871,escape from l.a.,Sci-Fi,5,0,6,4,15,0.0,1996,R,09 Aug 1996,101 min,54.0,5.8,"67,869",tt0116225,
872,escape from new york,Sci-Fi,10,2,2,3,14,0.0,1981,R,10 Jul 1981,99 min,76.0,7.2,"121,061",tt0082340,
873,eternal sunshine of the spotless mind,Sci-Fi,1,1,4,30,18,0.0,2004,R,19 Mar 2004,108 min,89.0,8.3,"880,215",tt0338013,"$34,126,138"
874,e.t.,Sci-Fi,0,0,0,0,1,,,,,,,,,,
875,dark star,Sci-Fi,0,0,3,3,1,0.0,1974,G,09 Feb 1979,83 min,66.0,6.3,"21,554",tt0069945,
876,fantastic four,Sci-Fi,1,0,8,0,1,0.0,2005,PG-13,08 Jul 2005,106 min,40.0,5.7,"306,728",tt0120667,"$154,485,963"
877,freaked,Sci-Fi,5,0,12,3,17,0.0,1993,PG-13,31 Mar 1994,80 min,,6.4,"6,150",tt0109838,
878,darkman,Sci-Fi,5,4,3,7,3,0.0,1990,R,24 Aug 1990,96 min,65.0,6.4,"56,589",tt0099365,
879,"day the earth stood still, the",Sci-Fi,0,0,0,0,0,,,,,,,,,,
880,"fifth element, the",Sci-Fi,1,1,3,8,8,,,,,,,,,,
881,dune,Sci-Fi,1,0,4,0,0,0.0,1984,PG-13,14 Dec 1984,137 min,40.0,6.5,"119,802",tt0087182,
882,cowboys & aliens,Sci-Fi,8,5,41,2,15,0.0,2011,PG-13,29 Jul 2011,119 min,50.0,6.0,"203,646",tt0409847,"$100,215,116"
883,chronicle,Sci-Fi,10,5,4,78,38,0.0,2012,PG-13,03 Feb 2012,84 min,69.0,7.0,"236,421",tt1706593,"$60,800,000"
884,existenz,Sci-Fi,1,0,2,7,2,0.0,1999,R,23 Apr 1999,97 min,68.0,6.8,"91,724",tt0120907,
885,brazil,Sci-Fi,1,1,5,3,7,0.0,1985,R,18 Dec 1985,132 min,84.0,7.9,"183,229",tt0088846,
886,battle: los angeles,Sci-Fi,13,0,18,2,21,,,,,,,,,,
887,blade runner,Sci-Fi,4,1,1,11,4,0.0,1982,R,25 Jun 1982,117 min,84.0,8.1,"671,833",tt0083658,
888,black panther,Sci-Fi,1,0,0,0,7,0.0,2018,PG-13,16 Feb 2018,134 min,88.0,7.3,"587,388",tt1825683,"$501,105,037"
889,"avengers, the (2012)",Sci-Fi,7,2,4,10,6,,,,,,,,,,
890,little nicky,Horror,13,1,7,0,11,0.0,2000,PG-13,10 Nov 2000,90 min,38.0,5.3,"95,788",tt0185431,"$38,542,597"
891,arcade,Sci-Fi,1,0,1,20,14,0.0,1993,R,30 Mar 1994,85 min,,4.7,"1,442",tt0106302,
892,leviathan,Horror,8,5,12,28,21,0.0,2014,R,05 Feb 2015,140 min,92.0,7.6,"47,377",tt2802154,"$754,393"
893,legion,Horror,4,6,12,50,11,0.0,2010,R,22 Jan 2010,100 min,32.0,5.2,"97,302",tt1038686,"$40,168,080"
894,avatar,Sci-Fi,10,8,14,1,14,0.0,2009,PG-13,18 Dec 2009,162 min,83.0,7.8,"1,095,138",tt0499549,"$749,700,000"
895,jurassic park iii,Horror,1,0,7,0,3,0.0,2001,PG-13,18 Jul 2001,92 min,42.0,5.9,"288,763",tt0163025,
896,jurassic park: the lost world,Horror,1,1,0,0,1,,,,,,,,,,
897,jennifer's body,Horror,9,3,2,18,13,0.0,2009,R,18 Sep 2009,102 min,47.0,5.2,"111,913",tt1131734,"$16,031,583"
898,lake placid,Horror,2,0,1,13,12,0.0,1999,R,16 Jul 1999,82 min,34.0,5.7,"53,156",tt0139414,
899,jaws 2,Horror,6,5,18,0,19,0.0,1978,PG,16 Jun 1978,116 min,51.0,5.8,"68,798",tt0077766,
900,jaws,Horror,4,5,9,0,1,0.0,1975,PG,20 Jun 1975,124 min,87.0,8.0,"531,727",tt0073195,
901,armageddon,Sci-Fi,15,4,12,4,14,0.0,1998,PG-13,01 Jul 1998,151 min,42.0,6.7,"387,888",tt0120591,
902,land of the dead,Horror,5,1,3,30,9,0.0,2005,R,24 Jun 2005,93 min,71.0,6.2,"90,019",tt0418819,"$20,433,940"
903,jurassic park,Horror,1,1,13,0,12,0.0,1993,PG-13,11 Jun 1993,127 min,68.0,8.1,"836,515",tt0107290,"$45,299,680"
904,insidious,Horror,2,3,1,6,4,0.0,2010,PG-13,01 Apr 2011,103 min,52.0,6.8,"269,122",tt1591095,"$53,700,000"
905,interview with the vampire,Horror,0,0,6,0,5,,,,,,,,,,
906,it,Horror,8,0,4,10,20,0.0,2017,R,08 Sep 2017,135 min,69.0,7.3,"436,909",tt1396484,"$326,898,358"
907,jason x,Horror,24,12,17,20,39,0.0,2001,R,26 Apr 2002,91 min,25.0,4.4,"48,982",tt0211443,"$12,610,731"
908,house of 1000 corpses,Horror,17,12,13,84,41,0.0,2003,R,11 Apr 2003,89 min,31.0,6.1,"74,271",tt0251736,"$12,583,510"
909,hollow man,Horror,3,0,25,16,19,0.0,2000,R,04 Aug 2000,112 min,24.0,5.8,"121,015",tt0164052,"$72,055,301"
910,"hills have eyes, the",Horror,1,3,1,7,3,,,,,,,,,,
911,i spit on your grave,Horror,19,10,11,29,32,0.0,2010,R,20 Jan 2011,108 min,27.0,6.3,"73,601",tt1242432,"$92,401"
912,hellraiser 3: hell on earth,Horror,5,5,3,20,19,,,,,,,,,,
913,heavy metal,Horror,3,4,4,2,4,0.0,1981,R,07 Aug 1981,86 min,51.0,6.7,"30,539",tt0082509,
914,hellboy,Horror,1,0,3,0,0,0.0,2004,PG-13,02 Apr 2004,122 min,72.0,6.8,"301,177",tt0167190,"$59,035,104"
915,hellraiser,Horror,2,2,10,11,8,0.0,1987,R,18 Sep 1987,94 min,57.0,7.0,"99,356",tt0093177,
916,hellraiser: hellseeker,Horror,7,2,0,15,6,0.0,2002,R,15 Oct 2002,89 min,46.0,5.0,"10,764",tt0274546,
917,hellbound: hellraiser ii,Horror,1,2,0,5,13,0.0,1988,R,23 Dec 1988,97 min,41.0,6.5,"40,301",tt0095294,
918,grabbers,Horror,1,1,0,9,9,0.0,2012,Not Rated,10 Aug 2012,94 min,62.0,6.3,"16,540",tt1525366,
919,gremlins 2,Horror,1,0,2,0,1,,,,,,,,,,
920,gremlins,Horror,3,1,6,1,1,0.0,1984,PG,08 Jun 1984,106 min,70.0,7.3,"190,722",tt0087363,
921,halloween: the curse of michael myers,Horror,6,0,9,6,6,0.0,1995,R,29 Sep 1995,87 min,10.0,4.9,"30,004",tt0113253,
922,ginger snaps,Horror,10,5,4,38,17,0.0,2000,Not Rated,11 May 2001,108 min,70.0,6.8,"40,534",tt0210070,
923,halloween,Horror,6,4,3,16,15,0.0,1978,R,27 Oct 1978,91 min,87.0,7.8,"220,388",tt0077651,
924,from dusk till dawn,Horror,15,8,8,118,45,0.0,1996,R,19 Jan 1996,108 min,48.0,7.2,"278,873",tt0116367,
925,heavenly creatures,Horror,0,0,5,0,0,0.0,1994,R,14 Oct 1994,99 min,,7.3,"57,795",tt0110005,
926,ghost ship,Horror,6,3,11,17,8,0.0,2002,R,25 Oct 2002,91 min,28.0,5.5,"91,186",tt0288477,"$30,100,000"
927,hannibal,Horror,0,1,0,2,0,0.0,2001,R,09 Feb 2001,131 min,57.0,6.8,"247,645",tt0212985,"$163,877,858"
928,amour,Romance,0,0,0,1,0,0.0,2012,PG-13,20 Sep 2012,127 min,94.0,7.9,"90,346",tt1602620,"$6,700,000"
929,fright night (1985),Horror,5,1,7,3,3,,,,,,,,,,
930,"american president, the",Romance,6,1,10,3,6,,,,,,,,,,
931,almost famous,Romance,3,0,3,21,2,0.0,2000,R,22 Sep 2000,122 min,90.0,7.9,"244,995",tt0181875,"$31,716,715"
932,10 things i hate about you,Romance,10,7,4,5,9,0.0,1999,PG-13,31 Mar 1999,97 min,70.0,7.3,"286,162",tt0147800,
933,17 again,Romance,0,1,1,0,1,0.0,2009,PG-13,17 Apr 2009,102 min,48.0,6.3,"175,034",tt0974661,"$64,087,443"
934,airplane,Romance,2,0,4,0,4,,,,,,,,,,
935,alien nation,Sci-Fi,8,5,12,2,20,0.0,1988,R,07 Oct 1988,91 min,45.0,6.3,"13,735",tt0094631,
936,500 days of summer,Romance,4,4,4,10,24,0.0,2009,PG-13,07 Aug 2009,95 min,76.0,7.7,"461,195",tt1022603,"$32,118,648"
937,"adjustment bureau, the",Sci-Fi,1,1,0,2,9,,,,,,,,,,
938,"abyss, the",Sci-Fi,5,9,18,0,15,,,,,,,,,,
939,"adventures of buckaroo banzai across the eighth dimension, the",Sci-Fi,3,0,21,0,7,,,,,,,,,,
940,airplane 2: the sequel,Sci-Fi,1,0,7,2,4,,,,,,,,,,
941,2001: a space odyssey,Sci-Fi,0,0,3,0,0,0.0,1968,G,12 May 1968,149 min,84.0,8.3,"581,882",tt0062622,"$135,620"
942,quantum project,Short,0,1,0,0,0,0.0,2000,,05 May 2000,40 min,,5.9,39,tt0239860,
943,12 monkeys,Sci-Fi,6,3,4,8,5,0.0,1995,R,05 Jan 1996,129 min,74.0,8.0,"565,400",tt0114746,
944,"things my father never taught me, the",Short,0,1,1,0,0,,,,,,,,,,
945,2012,Sci-Fi,4,0,5,1,8,0.0,2009.0,PG-13,13 Nov 2009,158 min,49.0,5.8,"345,022",tt1190080,"$166,112,167"
946,9,Sci-Fi,0,0,0,0,0,0.0,2009,PG-13,09 Sep 2009,79 min,60.0,7.1,"130,452",tt0472033,"$31,691,649"
947,my mother dreams the satan's disciples in new york,Short,1,0,1,3,2,0.0,1998,,01 Oct 1998,30 min,,7.2,108,tt0177023,
948,wild things: diamonds in the rough,Mystery,5,10,10,16,14,0.0,2005,R,19 Feb 2005,87 min,,4.5,"4,528",tt0448179,
949,whiteout,Mystery,4,4,7,3,7,0.0,2009,R,11 Sep 2009,101 min,,5.5,"36,710",tt0365929,"$10,300,000"
950,what lies beneath,Mystery,3,3,1,4,3,0.0,2000,PG-13,21 Jul 2000,130 min,51.0,6.6,"115,116",tt0161081,"$155,018,556"
951,"village, the",Mystery,0,0,0,0,0,,,,,,,,,,
952,"white ribbon, the",Mystery,0,0,2,0,0,,,,,,,,,,
953,white jazz,Mystery,13,3,6,39,17,,,,,,,,,,
954,vanilla sky,Mystery,2,2,0,33,7,0.0,2001,R,14 Dec 2001,136 min,45.0,6.9,"242,934",tt0259711,
955,"usual suspects, the",Mystery,11,3,4,36,22,,,,,,,,,,
956,unknown,Mystery,0,2,3,2,2,0.0,2011,PG-13,18 Feb 2011,113 min,56.0,6.8,"243,834",tt1401152,"$63,677,735"
957,twin peaks,Mystery,1,0,6,3,5,0.0,1990–1991,TV-MA,08 Apr 1990,47 min,,8.8,"167,193",tt0098936,
958,thunderheart,Mystery,11,2,11,37,26,0.0,1992,R,03 Apr 1992,119 min,,6.8,"13,569",tt0105585,
959,tinker tailor soldier spy,Mystery,0,0,10,9,0,0.0,2011,R,06 Jan 2012,122 min,85.0,7.1,"182,286",tt1340800,"$20,200,000"
960,"talented mr. ripley, the",Mystery,2,0,1,4,1,,,,,,,,,,
961,super 8,Mystery,5,2,5,8,17,0.0,2011,PG-13,10 Jun 2011,112 min,72.0,7.0,"332,405",tt1650062,"$126,975,169"
962,strange days,Mystery,10,6,17,47,30,0.0,1995,R,13 Oct 1995,145 min,66.0,7.2,"65,550",tt0114558,
963,source code,Mystery,3,1,5,10,6,0.0,2011,PG-13,01 Apr 2011,93 min,74.0,7.5,"473,918",tt0945513,"$54,696,902"
964,stir of echoes,Mystery,8,3,3,22,13,0.0,1999,R,10 Sep 1999,99 min,67.0,7.0,"72,713",tt0164181,
965,six degrees of separation,Mystery,1,1,2,13,3,0.0,1993,R,08 Dec 1993,112 min,72.0,6.8,"19,325",tt0108149,
966,"sixth sense, the",Mystery,0,0,0,0,0,,,,,,,,,,
967,sleepy hollow,Mystery,1,2,10,0,0,0.0,1999,R,19 Nov 1999,105 min,65.0,7.3,"320,922",tt0162661,
968,sherlock holmes,Mystery,0,0,0,1,2,0.0,2009,PG-13,25 Dec 2009,128 min,57.0,7.6,"570,347",tt0988045,"$208,711,166"
969,se7en,Mystery,1,3,6,49,7,0.0,1995,R,22 Sep 1995,127 min,65.0,8.6,"1,386,280",tt0114369,
970,scream 3,Mystery,6,2,10,34,29,0.0,2000,R,04 Feb 2000,116 min,56.0,5.6,"120,066",tt0134084,
971,scream,Mystery,6,4,5,23,23,0.0,1996,R,20 Dec 1996,111 min,65.0,7.2,"276,236",tt0117571,
972,scream 2,Mystery,6,5,1,7,23,0.0,1997,R,12 Dec 1997,120 min,63.0,6.2,"152,234",tt0120082,
973,s. darko,Mystery,7,3,3,37,17,0.0,2009,R,21 Aug 2009,103 min,,3.6,"13,023",tt1231277,
974,red riding hood,Mystery,2,0,1,0,0,0.0,2011,PG-13,11 Mar 2011,100 min,29.0,5.5,"105,800",tt1486185,"$37,200,000"
975,ringu,Mystery,0,0,0,0,0,0.0,1998,Not Rated,31 Jan 1998,96 min,,7.2,"61,624",tt0178868,
976,saw,Mystery,2,2,2,32,16,0.0,2004,R,29 Oct 2004,103 min,46.0,7.6,"369,218",tt0387564,"$55,100,000"
977,"private life of sherlock holmes, the",Mystery,0,0,3,0,0,,,,,,,,,,
978,prom night,Mystery,2,1,5,0,2,0.0,2008,PG-13,11 Apr 2008,88 min,17.0,3.9,"33,088",tt0926129,"$43,818,159"
979,"prestige, the",Mystery,0,0,2,0,1,,,,,,,,,,
980,prometheus,Mystery,0,1,4,4,2,0.0,2012,R,08 Jun 2012,124 min,64.0,7.0,"557,392",tt1446714,"$126,464,904"
981,three kings (spoils of war),War,9,6,9,2,4,,,,,,,,,,
982,valkyrie,War,0,1,5,5,4,0.0,2008,PG-13,25 Dec 2008,121 min,56.0,7.1,"223,731",tt0985699,"$82,989,109"
983,rear window,Mystery,0,0,0,0,0,0.0,1954,PG,01 Sep 1954,112 min,100.0,8.4,"428,644",tt0047396,
984,"prophecy, the",Mystery,2,8,11,13,9,,,,,,,,,,
985,tropic thunder,War,15,5,2,25,23,0.0,2008,R,13 Aug 2008,107 min,71.0,7.0,"369,925",tt0942385,"$110,416,702"
986,schindler's list,War,0,0,2,5,0,0.0,1993,R,04 Feb 1994,195 min,94.0,8.9,"1,171,229",tt0108052,
987,three kings,War,14,1,10,43,28,0.0,1999,R,01 Oct 1999,114 min,82.0,7.1,"157,590",tt0120188,
988,saving private ryan,War,6,5,37,20,10,0.0,1998,R,24 Jul 1998,169 min,91.0,8.6,"1,193,695",tt0120815,
989,pearl harbor,War,4,8,2,8,26,0.0,2001,PG-13,25 May 2001,183 min,44.0,6.2,"305,436",tt0213149,"$197,761,540"
990,"patriot, the",War,1,0,13,0,0,,,,,,,,,,
991,platoon,War,39,10,11,113,100,0.0,1986,R,06 Feb 1987,120 min,92.0,8.1,"370,072",tt0091763,
992,"pianist, the",War,0,1,2,5,3,,,,,,,,,,
993,"men who stare at goats, the",War,1,0,4,20,13,,,,,,,,,,
994,"last samurai, the",War,2,1,4,2,3,,,,,,,,,,
995,jeux interdits,War,0,0,0,0,0,,,,,,,,,,
996,"last of the mohicans, the",War,0,0,2,0,0,,,,,,,,,,
997,inglourious basterds,War,9,4,18,39,6,0.0,2009,R,21 Aug 2009,153 min,69.0,8.3,"1,217,923",tt0361748,"$120,523,073"
998,coriolanus,War,0,0,0,0,0,0.0,2011,R,20 Jan 2012,123 min,79.0,6.1,"30,473",tt1372686,"$487,578"
999,defiance,War,3,3,0,7,16,0.0,2008,R,16 Jan 2009,137 min,58.0,7.2,"134,977",tt1034303,"$28,622,873"
1000,from here to eternity,War,0,0,0,0,0,0.0,1953,Passed,28 Aug 1953,118 min,85.0,7.6,"41,623",tt0045793,
1001,cold mountain,War,5,1,8,3,7,0.0,2003,R,25 Dec 2003,154 min,73.0,7.2,"137,116",tt0159365,
1002,hotel rwanda,War,3,0,0,8,3,0.0,2004,PG-13,04 Feb 2005,121 min,79.0,8.1,"326,991",tt0395169,"$23,472,900"
1003,"deer hunter, the",War,10,3,22,68,19,,,,,,,,,,
1004,four feathers,War,0,0,0,0,0,,,,,,,,,,
1005,barry lyndon,War,0,0,0,0,0,,,,,,,,,,
1006,"battle of algiers, the",War,0,1,0,0,1,,,,,,,,,,
1007,fright night,Horror,2,2,2,17,21,,,,,,,,,,
1008,apocalypse now,War,4,10,25,24,16,,,,,,,,,,
1009,braveheart,War,4,1,3,0,0,,,,,,,,,,
1010,final destination 2,Horror,5,3,14,26,19,,,,,,,,,,
1011,beasts of no nation,War,1,0,0,2,0,,,,,,,,,,
1012,evil dead ii: dead by dawn,Horror,0,3,2,0,1,,,,,,,,,,
1013,feast,Horror,10,4,15,27,23,,,,,,,,,,
1014,final destination,Horror,2,0,0,34,8,,,,,,,,,,
1015,evil dead,Horror,0,0,3,0,2,,,,,,,,,,
1016,freddy vs. jason,Horror,7,32,10,6,7,,,,,,,,,,
1017,frankenstein,Horror,2,0,6,0,1,,,,,,,,,,
1018,friday the 13th part viii: jason takes manhattan,Horror,2,2,3,6,6,,,,,,,,,,
1019,event horizon,Horror,3,1,4,13,13,,,,,,,,,,
1020,"crow salvation, the",Horror,4,3,7,33,14,,,,,,,,,,
1021,"crow, the",Horror,14,4,7,28,20,,,,,,,,,,
1022,devil's advocate,Horror,10,3,9,47,16,,,,,,,,,,
1023,eight legged freaks,Horror,0,1,5,1,3,,,,,,,,,,
1024,deep rising,Horror,10,4,11,4,25,,,,,,,,,,
1025,day of the dead,Horror,12,1,8,2,14,,,,,,,,,,
1026,constantine,Horror,6,2,10,2,19,,,,,,,,,,
1027,dawn of the dead,Horror,0,0,0,0,0,,,,,,,,,,
1028,carrie,Horror,2,1,8,4,14,,,,,,,,,,
1029,"cell, the",Horror,2,3,6,8,3,,,,,,,,,,
1030,bones,Horror,8,7,20,30,30,,,,,,,,,,
1031,buffy the vampire slayer,Horror,2,7,1,2,4,,,,,,,,,,
1032,chasing sleep,Horror,2,5,8,10,6,,,,,,,,,,
1033,blade: trinity,Horror,11,1,7,20,7,,,,,,,,,,
1034,"birds, the",Horror,0,0,4,0,0,,,,,,,,,,
1035,drag me to hell,Horror,1,3,4,3,0,,,,,,,,,,
1036,american werewolf in london,Horror,4,0,1,9,7,,,,,,,,,,
1037,american psycho,Horror,7,11,3,37,5,,,,,,,,,,
1038,"amityville asylum, the",Horror,0,5,5,37,11,,,,,,,,,,
1039,bad dreams,Horror,3,0,11,16,20,,,,,,,,,,
1040,blade,Horror,3,0,5,10,4,,,,,,,,,,
1041,army of darkness,Horror,2,1,6,0,2,,,,,,,,,,
1042,blade ii,Horror,5,4,2,39,16,,,,,,,,,,
1043,"nines, the",Mystery,7,0,1,12,12,,,,,,,,,,
1044,alone in the dark,Horror,3,0,5,1,1,,,,,,,,,,
1045,"ninth gate, the",Mystery,0,0,0,0,0,,,,,,,,,,
1046,mission impossible ii,Mystery,2,3,10,0,2,,,,,,,,,,
1047,orphan,Mystery,1,3,3,8,8,,,,,,,,,,
1048,moon,Mystery,3,1,1,18,8,,,,,,,,,,
1049,mulholland drive,Mystery,1,1,4,0,1,,,,,,,,,,
1050,minority report,Mystery,0,0,0,0,0,,,,,,,,,,
1051,mirrors,Mystery,1,0,6,6,4,,,,,,,,,,
1052,nightmare on elm street: the final chapter,Mystery,3,3,2,10,17,,,,,,,,,,
1053,memento,Mystery,0,0,0,12,5,,,,,,,,,,
1054,limitless,Mystery,5,1,1,38,17,,,,,,,,,,
1055,"nightmare on elm street, a",Mystery,4,0,8,11,8,,,,,,,,,,
1056,lost highway,Mystery,2,2,3,13,6,,,,,,,,,,
1057,"losers, the",Mystery,5,0,7,4,27,,,,,,,,,,
1058,lost horizon,Mystery,0,0,0,0,0,,,,,,,,,,
1059,"manchurian candidate, the",Mystery,5,0,3,8,14,,,,,,,,,,
1060,jfk,Mystery,6,16,28,50,17,,,,,,,,,,
1061,klute,Mystery,0,3,3,0,0,,,,,,,,,,
1062,king kong,Mystery,0,0,3,0,0,,,,,,,,,,
1063,l.a. confidential,Mystery,4,0,6,38,13,,,,,,,,,,
1064,meet joe black,Mystery,4,2,8,4,7,,,,,,,,,,
1065,lone star,Mystery,4,4,15,6,6,,,,,,,,,,
1066,manhattan murder mystery,Mystery,0,0,2,0,1,,,,,,,,,,
1067,hellraiser: deader,Mystery,1,0,4,8,4,,,,,,,,,,
1068,jennifer eight,Mystery,9,6,8,70,34,,,,,,,,,,
1069,hanna,Mystery,0,1,0,8,7,,,,,,,,,,
1070,"hangover, the",Mystery,11,2,9,3,8,,,,,,,,,,
1071,"imaginarium of doctor parnassus, the",Mystery,0,3,2,1,1,,,,,,,,,,
1072,"grudge, the",Mystery,0,0,1,0,0,,,,,,,,,,
1073,"haunting, the",Mystery,0,2,3,3,3,,,,,,,,,,
1074,"fugitive, the",Mystery,2,2,4,1,7,,,,,,,,,,
1075,get low,Mystery,4,7,14,1,3,,,,,,,,,,
1076,inception,Mystery,2,0,3,0,1,,,,,,,,,,
1077,"game, the",Mystery,6,4,8,45,30,,,,,,,,,,
1078,"girl with the dragon tattoo, the",Mystery,0,0,0,4,0,,,,,,,,,,
1079,gone baby gone,Mystery,6,7,2,84,26,,,,,,,,,,
1080,"godfather part iii, the",Mystery,2,2,0,2,5,,,,,,,,,,
1081,ex machina,Mystery,0,0,2,29,6,,,,,,,,,,
1082,friday the 13th,Mystery,1,0,4,2,4,,,,,,,,,,
1083,gothika,Mystery,1,2,11,15,6,,,,,,,,,,
1084,eagle eye,Mystery,6,3,5,21,35,,,,,,,,,,
1085,eastern promises,Mystery,0,6,1,37,1,,,,,,,,,,
1086,i still know what you did last summer,Mystery,0,0,6,0,0,,,,,,,,,,
1087,get out,Mystery,4,2,9,31,33,,,,,,,,,,
1088,alien: resurrection,Horror,7,6,8,88,13,,,,,,,,,,
1089,alien vs. predator,Horror,3,3,6,15,16,,,,,,,,,,
1090,28 days later,Horror,0,0,0,48,12,,,,,,,,,,
1091,"addams family, the",Horror,0,0,3,0,0,,,,,,,,,,
1092,devil in a blue dress,Mystery,8,6,24,5,11,,,,,,,,,,
1093,after.life,Horror,0,1,0,19,6,,,,,,,,,,
1094,a quiet place,Horror,0,0,0,0,0,,,,,,,,,,
1095,alien,Horror,0,0,11,1,5,,,,,,,,,,
1096,dark city,Mystery,0,0,6,1,5,,,,,,,,,,
1097,color of night,Mystery,7,7,13,55,19,,,,,,,,,,
1098,deception,Mystery,1,0,7,6,4,,,,,,,,,,
1099,copycat,Mystery,8,11,18,13,10,,,,,,,,,,
1100,alien 3,Horror,1,0,3,6,7,,,,,,,,,,
1101,case 39,Mystery,0,0,3,1,5,,,,,,,,,,
1102,charade,Mystery,0,0,1,0,0,,,,,,,,,,
1103,cellular,Mystery,20,7,28,2,29,,,,,,,,,,
1104,cherry falls,Mystery,2,0,4,33,8,,,,,,,,,,
1105,changeling,Mystery,1,1,6,4,4,,,,,,,,,,
1106,buried,Mystery,1,2,2,10,9,,,,,,,,,,
1107,chinatown,Mystery,4,8,2,1,6,,,,,,,,,,
1108,cube,Mystery,0,0,0,0,0,,,,,,,,,,
1109,"curious case of benjamin button, the",Mystery,4,0,5,2,6,,,,,,,,,,
1110,citizen kane,Mystery,0,0,0,0,0,,,,,,,,,,
1111,"box, the",Mystery,2,0,3,0,1,,,,,,,,,,
1112,brick,Mystery,0,0,2,0,0,,,,,,,,,,
1113,"bourne ultimatum, the",Mystery,0,0,2,1,5,,,,,,,,,,
1114,"bourne supremacy, the",Mystery,0,0,0,0,0,,,,,,,,,,
1115,"bourne identity, the",Mystery,1,1,0,28,21,,,,,,,,,,
1116,blue velvet,Mystery,1,3,3,39,11,,,,,,,,,,
1117,black swan,Mystery,2,0,1,19,1,,,,,,,,,,
1118,"black dahlia, the",Mystery,1,4,14,42,16,,,,,,,,,,
1119,"big lebowski, the",Mystery,9,4,10,220,39,,,,,,,,,,
1120,basic instinct,Mystery,3,5,13,31,4,,,,,,,,,,
1121,backdraft,Mystery,13,13,34,32,28,,,,,,,,,,
1122,angels & demons,Mystery,1,0,5,0,1,,,,,,,,,,
1123,april fool's day,Mystery,5,1,3,16,14,,,,,,,,,,
1124,white christmas,Musical,0,0,0,0,0,,,,,,,,,,
1125,basic,Mystery,6,3,4,58,15,,,,,,,,,,
1126,"avventura, l' (the adventure)",Mystery,0,0,1,0,0,,,,,,,,,,
1127,"wizard of oz, the",Musical,0,0,0,0,0,,,,,,,,,,
1128,agnes of god,Mystery,0,1,1,0,2,,,,,,,,,,
1129,a few good men,Mystery,5,1,10,13,14,,,,,,,,,,
1130,8mm,Mystery,2,1,1,52,8,,,,,,,,,,
1131,sweeney todd: the demon barber of fleet street,Musical,0,1,1,0,2,,,,,,,,,,
1132,south park,Musical,25,19,12,72,20,,,,,,,,,,
1133,"rocky horror picture show, the",Musical,0,0,0,1,0,,,,,,,,,,
1134,sister act,Musical,4,3,6,1,0,,,,,,,,,,
1135,"producer, the",Musical,0,0,1,0,0,,,,,,,,,,
1136,nine,Musical,2,0,0,0,0,,,,,,,,,,
1137,"nightmare before christmas, the",Musical,0,0,0,0,0,,,,,,,,,,
1138,mary poppins,Musical,0,0,0,0,0,,,,,,,,,,
1139,nashville,Musical,1,0,3,0,0,,,,,,,,,,
1140,mulan,Musical,0,0,0,0,0,,,,,,,,,,
1141,newsies,Musical,0,0,2,0,0,,,,,,,,,,
1142,les miserables,Musical,0,1,4,0,1,,,,,,,,,,
1143,duck soup,Musical,0,0,0,0,0,,,,,,,,,,
1144,detroit rock city,Musical,30,7,6,41,30,,,,,,,,,,
1145,la la land,Musical,2,0,3,3,5,,,,,,,,,,
1146,"little mermaid, the",Musical,0,0,0,0,0,,,,,,,,,,
1147,burlesque,Musical,20,9,24,0,20,,,,,,,,,,
1148,labyrinth,Musical,0,0,6,0,0,,,,,,,,,,
1149,aladdin,Musical,0,0,0,0,0,,,,,,,,,,
1150,honeydripper,Musical,6,0,14,0,1,,,,,,,,,,
1151,"mariachi, el",Western,1,0,1,0,0,,,,,,,,,,
1152,el mariachi,Western,0,0,0,0,0,,,,,,,,,,
1153,anastasia,Musical,0,0,0,0,0,,,,,,,,,,
1154,beauty and the beast,Musical,0,0,1,0,0,,,,,,,,,,
1155,roughshod,Western,0,0,0,0,0,,,,,,,,,,
1156,django unchained,Western,52,16,43,41,15,,,,,,,,,,
1157,"book of eli, the",Western,4,4,6,15,12,,,,,,,,,,
1158,bad day at black rock,Western,0,0,0,0,0,,,,,,,,,,
1159,dances with wolves,Western,3,2,5,0,0,,,,,,,,,,
1160,american outlaws,Western,1,3,9,0,2,,,,,,,,,,
1161,jimmy and judy,Action,15,9,7,108,35,,,,,,,,,,
1162,american shaolin: king of kickboxers ii,Action,2,0,3,0,0,,,,,,,,,,
1163,"rock, the",Action,1,2,12,40,19,,,,,,,,,,
1164,above the law,Action,16,2,5,29,10,,,,,,,,,,
